{"level":"info","message":{"actor_id":"actor-1","actor_role":"system_admin","event":"PATIENT_CREATED","ip":"::ffff:127.0.0.1","patient_id":"PAT-20260427-0001"},"timestamp":"2026-04-27T08:41:07.739Z"}
{"level":"info","message":{"actor_id":"actor-2","actor_role":"system_admin","event":"PATIENT_CREATED","ip":"::ffff:127.0.0.1","patient_id":"PAT-20260427-0001"},"timestamp":"2026-04-27T08:41:07.765Z"}
{"level":"info","message":{"actor_id":"actor-2","actor_role":"system_admin","event":"PATIENT_VIEWED","ip":"::ffff:127.0.0.1","patient_id":"PAT-20260427-0001"},"timestamp":"2026-04-27T08:41:07.773Z"}
{"level":"info","message":{"actor_id":"actor-1","actor_role":"system_admin","event":"PATIENT_CREATED","ip":"::ffff:127.0.0.1","patient_id":"PAT-20260427-0001"},"timestamp":"2026-04-27T08:46:41.250Z"}
{"level":"info","message":{"actor_id":"actor-2","actor_role":"system_admin","event":"PATIENT_CREATED","ip":"::ffff:127.0.0.1","patient_id":"PAT-20260427-0001"},"timestamp":"2026-04-27T08:46:41.272Z"}
{"level":"info","message":{"actor_id":"actor-2","actor_role":"system_admin","event":"PATIENT_VIEWED","ip":"::ffff:127.0.0.1","patient_id":"PAT-20260427-0001"},"timestamp":"2026-04-27T08:46:41.279Z"}
{"level":"info","message":{"actor_id":"actor-1","actor_role":"system_admin","event":"PATIENT_CREATED","ip":"::ffff:127.0.0.1","patient_id":"PAT-20260427-0001"},"timestamp":"2026-04-27T15:11:27.777Z"}
{"level":"info","message":{"actor_id":"actor-2","actor_role":"system_admin","event":"PATIENT_CREATED","ip":"::ffff:127.0.0.1","patient_id":"PAT-20260427-0001"},"timestamp":"2026-04-27T15:11:27.802Z"}
{"level":"info","message":{"actor_id":"actor-2","actor_role":"system_admin","event":"PATIENT_VIEWED","ip":"::ffff:127.0.0.1","patient_id":"PAT-20260427-0001"},"timestamp":"2026-04-27T15:11:27.809Z"}
{"level":"info","message":{"actor_id":"actor-1","actor_role":"system_admin","event":"PATIENT_CREATED","ip":"::ffff:127.0.0.1","patient_id":"PAT-20260427-0001"},"timestamp":"2026-04-27T15:16:42.416Z"}
{"level":"info","message":{"actor_id":"actor-2","actor_role":"system_admin","event":"PATIENT_CREATED","ip":"::ffff:127.0.0.1","patient_id":"PAT-20260427-0001"},"timestamp":"2026-04-27T15:16:42.439Z"}
{"level":"info","message":{"actor_id":"actor-2","actor_role":"system_admin","event":"PATIENT_VIEWED","ip":"::ffff:127.0.0.1","patient_id":"PAT-20260427-0001"},"timestamp":"2026-04-27T15:16:42.446Z"}
{"level":"info","message":{"actor_id":"1777432837989","actor_role":"system_admin","event":"PATIENT_LISTED","ip":"::1","results":0},"timestamp":"2026-04-29T03:21:14.823Z"}
{"level":"info","message":{"actor_id":"1777432837989","actor_role":"system_admin","event":"PATIENT_LISTED","ip":"::1","results":0},"timestamp":"2026-04-29T03:21:14.863Z"}
{"level":"info","message":{"actor_id":"1777432837989","actor_role":"system_admin","event":"PATIENT_CREATED","ip":"::1","patient_id":"PAT-20260429-0001"},"timestamp":"2026-04-29T03:24:57.031Z"}
{"level":"info","message":{"actor_id":"1777432837989","actor_role":"system_admin","event":"PATIENT_VIEWED","ip":"::1","patient_id":"PAT-20260429-0001"},"timestamp":"2026-04-29T03:25:02.986Z"}
{"level":"info","message":{"actor_id":"1777432837989","actor_role":"system_admin","event":"PATIENT_VIEWED","ip":"::1","patient_id":"PAT-20260429-0001"},"timestamp":"2026-04-29T03:25:03.065Z"}
{"level":"info","message":{"actor_id":"1777432837989","actor_role":"system_admin","event":"PATIENT_VIEWED","ip":"::1","patient_id":"PAT-20260429-0001"},"timestamp":"2026-04-29T03:25:28.688Z"}
{"level":"info","message":{"actor_id":"1777432837989","actor_role":"system_admin","event":"PATIENT_VIEWED","ip":"::1","patient_id":"PAT-20260429-0001"},"timestamp":"2026-04-29T03:25:30.176Z"}
{"level":"info","message":{"actor_id":"1777432837989","actor_role":"system_admin","event":"PATIENT_LISTED","ip":"::1","results":1},"timestamp":"2026-04-29T03:25:58.662Z"}
{"level":"info","message":{"actor_id":"1777432837989","actor_role":"system_admin","event":"PATIENT_LISTED","ip":"::1","results":1},"timestamp":"2026-04-29T03:25:58.744Z"}
{"level":"info","message":{"actor_id":"1777432837989","actor_role":"system_admin","event":"PATIENT_VIEWED","ip":"::1","patient_id":"PAT-20260429-0001"},"timestamp":"2026-04-29T03:26:13.201Z"}
{"level":"info","message":{"actor_id":"1777432837989","actor_role":"system_admin","event":"PATIENT_VIEWED","ip":"::1","patient_id":"PAT-20260429-0001"},"timestamp":"2026-04-29T03:26:13.283Z"}
{"level":"info","message":{"actor_id":"1777432837989","actor_role":"system_admin","event":"PATIENT_LISTED","ip":"::1","results":1},"timestamp":"2026-04-29T03:26:21.314Z"}
{"level":"info","message":{"actor_id":"1777432837989","actor_role":"system_admin","event":"PATIENT_LISTED","ip":"::1","results":1},"timestamp":"2026-04-29T03:26:21.393Z"}
{"level":"info","message":{"actor_id":"1777432837989","actor_role":"system_admin","event":"PATIENT_LISTED","ip":"::1","results":1},"timestamp":"2026-04-29T03:27:57.778Z"}
{"level":"info","message":{"actor_id":"1777432837989","actor_role":"system_admin","event":"PATIENT_VIEWED","ip":"::1","patient_id":"PAT-20260429-0001"},"timestamp":"2026-04-29T03:28:01.460Z"}
{"level":"info","message":{"actor_id":"1777432837989","actor_role":"system_admin","event":"PATIENT_VIEWED","ip":"::1","patient_id":"PAT-20260429-0001"},"timestamp":"2026-04-29T03:28:01.527Z"}
{"level":"info","message":{"actor_id":"1777432837989","actor_role":"system_admin","event":"PATIENT_LISTED","ip":"::1","results":1},"timestamp":"2026-04-29T03:40:09.005Z"}
{"level":"info","message":{"actor_id":"1777432837989","actor_role":"system_admin","event":"PATIENT_LISTED","ip":"::1","results":1},"timestamp":"2026-04-29T03:41:21.651Z"}
{"level":"info","message":{"actor_id":"1777432837989","actor_role":"system_admin","event":"PATIENT_LISTED","ip":"::1","results":1},"timestamp":"2026-04-29T03:43:35.065Z"}
{"level":"info","message":{"appointment_id":"APT-mojii1h4-AEZFEH","event":"APPOINTMENT_CREATED","ip":"::1","patient_id":"PAT-20260429-0001"},"timestamp":"2026-04-29T03:45:18.517Z"}
{"level":"info","message":{"actor_id":"1777432837989","actor_role":"system_admin","event":"PATIENT_LISTED","ip":"::1","results":1},"timestamp":"2026-04-29T03:45:26.469Z"}
{"level":"info","message":{"actor_id":"1777432837989","actor_role":"system_admin","event":"PATIENT_LISTED","ip":"::1","results":1},"timestamp":"2026-04-29T03:45:26.552Z"}
{"level":"info","message":{"actor_id":"1777432837989","actor_role":"system_admin","event":"PATIENT_VIEWED","ip":"::1","patient_id":"PAT-20260429-0001"},"timestamp":"2026-04-29T03:45:27.692Z"}
{"level":"info","message":{"actor_id":"1777432837989","actor_role":"system_admin","event":"PATIENT_VIEWED","ip":"::1","patient_id":"PAT-20260429-0001"},"timestamp":"2026-04-29T03:45:27.773Z"}
{"level":"info","message":{"actor_id":"1777432837989","actor_role":"system_admin","event":"PATIENT_LISTED","ip":"::1","results":1},"timestamp":"2026-04-29T03:45:37.692Z"}
{"level":"info","message":{"actor_id":"1777432837989","actor_role":"system_admin","event":"PATIENT_LISTED","ip":"::1","results":1},"timestamp":"2026-04-29T03:45:37.772Z"}
{"level":"info","message":{"actor_id":"1777432837989","actor_role":"system_admin","event":"PATIENT_VIEWED","ip":"::1","patient_id":"PAT-20260429-0001"},"timestamp":"2026-04-29T03:45:40.174Z"}
{"level":"info","message":{"actor_id":"1777432837989","actor_role":"system_admin","event":"PATIENT_VIEWED","ip":"::1","patient_id":"PAT-20260429-0001"},"timestamp":"2026-04-29T03:45:40.254Z"}
{"level":"info","message":{"actor_id":"1777432837989","actor_role":"system_admin","event":"PATIENT_LISTED","ip":"::1","results":1},"timestamp":"2026-04-29T03:52:26.283Z"}
{"level":"info","message":{"actor_id":"1777432837989","actor_role":"system_admin","event":"PATIENT_LISTED","ip":"::1","results":1},"timestamp":"2026-04-29T03:56:59.603Z"}
{"level":"info","message":{"actor_id":"1777432837989","actor_role":"system_admin","event":"PATIENT_LISTED","ip":"::1","results":1},"timestamp":"2026-04-29T03:58:41.023Z"}
{"level":"info","message":{"event":"HEALTH_RECORD_CREATED","ip":"::1","patient_id":"PAT-20260429-0001","record_id":"REC-mojj05zt-MI31RD"},"timestamp":"2026-04-29T03:59:24.095Z"}
{"level":"info","message":{"actor_id":"1777432837989","actor_role":"system_admin","event":"PATIENT_LISTED","ip":"::1","results":1},"timestamp":"2026-04-29T03:59:44.017Z"}
{"level":"info","message":{"actor_id":"1777432837989","actor_role":"system_admin","event":"PATIENT_LISTED","ip":"::1","results":1},"timestamp":"2026-04-29T03:59:44.099Z"}
{"level":"info","message":{"actor_id":"1777432837989","actor_role":"system_admin","event":"PATIENT_VIEWED","ip":"::1","patient_id":"PAT-20260429-0001"},"timestamp":"2026-04-29T03:59:45.630Z"}
{"level":"info","message":{"actor_id":"1777432837989","actor_role":"system_admin","event":"PATIENT_VIEWED","ip":"::1","patient_id":"PAT-20260429-0001"},"timestamp":"2026-04-29T03:59:45.711Z"}
{"level":"info","message":{"actor_id":"1777432837989","actor_role":"system_admin","event":"PATIENT_LISTED","ip":"::1","results":1},"timestamp":"2026-04-29T04:00:03.393Z"}
{"level":"info","message":{"actor_id":"1777432837989","actor_role":"system_admin","event":"PATIENT_LISTED","ip":"::1","results":1},"timestamp":"2026-04-29T04:00:26.344Z"}
{"level":"info","message":{"actor_id":"1777432837989","actor_role":"system_admin","event":"PATIENT_LISTED","ip":"::1","results":1},"timestamp":"2026-04-29T04:03:26.313Z"}
{"level":"info","message":{"actor_id":"1777432837989","actor_role":"system_admin","event":"PATIENT_LISTED","ip":"::1","results":1},"timestamp":"2026-04-29T04:03:26.397Z"}
{"level":"info","message":{"actor_id":"1777432837989","actor_role":"system_admin","event":"PATIENT_VIEWED","ip":"::1","patient_id":"PAT-20260429-0001"},"timestamp":"2026-04-29T04:03:27.044Z"}
{"level":"info","message":{"actor_id":"1777432837989","actor_role":"system_admin","event":"PATIENT_VIEWED","ip":"::1","patient_id":"PAT-20260429-0001"},"timestamp":"2026-04-29T04:03:27.126Z"}
{"level":"info","message":{"actor_id":"1777432837989","actor_role":"system_admin","event":"PATIENT_VIEWED","ip":"::1","patient_id":"PAT-20260429-0001"},"timestamp":"2026-04-29T04:06:04.954Z"}
{"level":"info","message":{"actor_id":"actor-1","actor_role":"system_admin","event":"PATIENT_CREATED","ip":"::ffff:127.0.0.1","patient_id":"PAT-20260429-0001"},"timestamp":"2026-04-29T04:06:33.287Z"}
{"level":"info","message":{"actor_id":"actor-2","actor_role":"system_admin","event":"PATIENT_CREATED","ip":"::ffff:127.0.0.1","patient_id":"PAT-20260429-0001"},"timestamp":"2026-04-29T04:06:33.333Z"}
{"level":"info","message":{"actor_id":"actor-2","actor_role":"system_admin","event":"PATIENT_VIEWED","ip":"::ffff:127.0.0.1","patient_id":"PAT-20260429-0001"},"timestamp":"2026-04-29T04:06:33.351Z"}
{"level":"info","message":{"actor_id":"1777432837989","actor_role":"system_admin","event":"PATIENT_VIEWED","ip":"::1","patient_id":"PAT-20260429-0001"},"timestamp":"2026-04-29T04:06:58.948Z"}
{"level":"info","message":{"actor_id":"1777432837989","actor_role":"system_admin","event":"PATIENT_LISTED","ip":"::1","results":1},"timestamp":"2026-04-29T04:10:36.884Z"}
{"level":"info","message":{"actor_id":"1777432837989","actor_role":"system_admin","event":"PATIENT_LISTED","ip":"::1","results":1},"timestamp":"2026-04-29T04:10:37.919Z"}
{"level":"info","message":{"actor_id":"1777432837989","actor_role":"system_admin","event":"PATIENT_LISTED","ip":"::1","results":1},"timestamp":"2026-04-29T04:10:38.006Z"}
{"level":"info","message":{"actor_id":"1777432837989","actor_role":"system_admin","event":"PATIENT_VIEWED","ip":"::1","patient_id":"PAT-20260429-0001"},"timestamp":"2026-04-29T04:10:40.303Z"}
{"level":"info","message":{"actor_id":"1777432837989","actor_role":"system_admin","event":"PATIENT_VIEWED","ip":"::1","patient_id":"PAT-20260429-0001"},"timestamp":"2026-04-29T04:10:40.387Z"}
{"level":"info","message":{"actor_id":"1777432837989","actor_role":"system_admin","event":"PATIENT_VIEWED","ip":"::1","patient_id":"PAT-20260429-0001"},"timestamp":"2026-04-29T04:10:46.594Z"}
{"level":"info","message":{"actor_id":"1777432837989","actor_role":"system_admin","event":"PATIENT_VIEWED","ip":"::1","patient_id":"PAT-20260429-0001"},"timestamp":"2026-04-29T04:11:34.635Z"}
{"level":"info","message":{"actor_id":"1777432837989","actor_role":"system_admin","event":"PATIENT_LISTED","ip":"::1","results":1},"timestamp":"2026-04-29T04:11:40.268Z"}
{"level":"info","message":{"actor_id":"1777432837989","actor_role":"system_admin","event":"PATIENT_LISTED","ip":"::1","results":1},"timestamp":"2026-04-29T04:11:40.350Z"}
{"level":"info","message":{"actor_id":"1777432837989","actor_role":"system_admin","event":"PATIENT_LISTED","ip":"::1","results":1},"timestamp":"2026-04-29T04:12:48.171Z"}
{"level":"info","message":{"actor_id":"1777432837989","actor_role":"system_admin","event":"PATIENT_VIEWED","ip":"::1","patient_id":"PAT-20260429-0001"},"timestamp":"2026-04-29T04:13:05.271Z"}
{"level":"info","message":{"actor_id":"1777432837989","actor_role":"system_admin","event":"PATIENT_VIEWED","ip":"::1","patient_id":"PAT-20260429-0001"},"timestamp":"2026-04-29T04:13:05.352Z"}
{"level":"info","message":{"actor_id":"1777432837989","actor_role":"system_admin","event":"PATIENT_LISTED","ip":"::1","results":1},"timestamp":"2026-04-29T04:13:07.039Z"}
{"level":"info","message":{"actor_id":"1777432837989","actor_role":"system_admin","event":"PATIENT_LISTED","ip":"::1","results":1},"timestamp":"2026-04-29T04:13:07.119Z"}
{"level":"info","message":{"actor_id":"1777432837989","actor_role":"system_admin","event":"PATIENT_LISTED","ip":"::1","results":1},"timestamp":"2026-04-29T04:13:08.126Z"}
{"level":"info","message":{"actor_id":"1777432837989","actor_role":"system_admin","event":"PATIENT_LISTED","ip":"::1","results":1},"timestamp":"2026-04-29T04:13:08.682Z"}
{"level":"info","message":{"actor_id":"1777432837989","actor_role":"system_admin","event":"PATIENT_LISTED","ip":"::1","results":1},"timestamp":"2026-04-29T04:13:10.562Z"}
{"level":"info","message":{"actor_id":"1777432837989","actor_role":"system_admin","event":"PATIENT_LISTED","ip":"::1","results":1},"timestamp":"2026-04-29T04:13:10.646Z"}
{"level":"info","message":{"actor_id":"1777432837989","actor_role":"system_admin","event":"PATIENT_LISTED","ip":"::1","results":1},"timestamp":"2026-04-29T04:13:25.034Z"}
{"level":"info","message":{"actor_id":"1777432837989","actor_role":"system_admin","event":"PATIENT_LISTED","ip":"::1","results":1},"timestamp":"2026-04-29T04:13:25.098Z"}
{"level":"info","message":{"actor_id":"actor-1","actor_role":"system_admin","event":"PATIENT_CREATED","ip":"::ffff:127.0.0.1","patient_id":"PAT-20260429-0001"},"timestamp":"2026-04-29T04:25:51.554Z"}
{"level":"info","message":{"actor_id":"actor-2","actor_role":"system_admin","event":"PATIENT_CREATED","ip":"::ffff:127.0.0.1","patient_id":"PAT-20260429-0001"},"timestamp":"2026-04-29T04:25:51.586Z"}
{"level":"info","message":{"actor_id":"actor-2","actor_role":"system_admin","event":"PATIENT_VIEWED","ip":"::ffff:127.0.0.1","patient_id":"PAT-20260429-0001"},"timestamp":"2026-04-29T04:25:51.595Z"}
{"level":"info","message":{"actor_id":"1777432837989","actor_role":"system_admin","event":"PATIENT_LISTED","ip":"::1","results":1},"timestamp":"2026-04-29T06:00:05.588Z"}
{"level":"info","message":{"actor_id":"1777432837989","actor_role":"system_admin","event":"PATIENT_LISTED","ip":"::1","results":1},"timestamp":"2026-04-29T06:00:11.114Z"}
{"level":"info","message":{"actor_id":"1777432837989","actor_role":"system_admin","event":"PATIENT_LISTED","ip":"::1","results":1},"timestamp":"2026-04-29T06:00:11.695Z"}
{"level":"info","message":{"actor_id":"1777432837989","actor_role":"system_admin","event":"PATIENT_LISTED","ip":"::1","results":1},"timestamp":"2026-04-29T06:00:12.024Z"}
{"level":"info","message":{"actor_id":"1777432837989","actor_role":"system_admin","event":"PATIENT_LISTED","ip":"::1","results":1},"timestamp":"2026-04-29T06:00:14.271Z"}
{"level":"info","message":{"actor_id":"1777432837989","actor_role":"system_admin","event":"PATIENT_LISTED","ip":"::1","results":1},"timestamp":"2026-04-29T06:00:14.533Z"}
{"level":"info","message":{"actor_id":"1777432837989","actor_role":"system_admin","event":"PATIENT_LISTED","ip":"::1","results":1},"timestamp":"2026-04-29T06:09:04.565Z"}
{"level":"info","message":{"actor_id":"1777432837989","actor_role":"system_admin","event":"PATIENT_LISTED","ip":"::1","results":1},"timestamp":"2026-04-29T06:09:04.763Z"}
{"level":"info","message":{"actor_id":"1777432837989","actor_role":"system_admin","event":"PATIENT_LISTED","ip":"::1","results":1},"timestamp":"2026-04-29T06:09:06.438Z"}
{"level":"info","message":{"actor_id":"1777432837989","actor_role":"system_admin","event":"PATIENT_LISTED","ip":"::1","results":1},"timestamp":"2026-04-29T06:09:06.642Z"}
{"level":"info","message":{"actor_id":"1777432837989","actor_role":"system_admin","event":"PATIENT_CREATED","ip":"::1","patient_id":"PAT-20260429-0002"},"timestamp":"2026-04-29T06:10:45.661Z"}
{"level":"info","message":{"actor_id":"1777432837989","actor_role":"system_admin","event":"PATIENT_VIEWED","ip":"::1","patient_id":"PAT-20260429-0001"},"timestamp":"2026-04-29T06:13:15.548Z"}
{"level":"info","message":{"actor_id":"1777432837989","actor_role":"system_admin","event":"PATIENT_VIEWED","ip":"::1","patient_id":"PAT-20260429-0001"},"timestamp":"2026-04-29T06:13:15.826Z"}
{"level":"info","message":{"actor_id":"1777432837989","actor_role":"system_admin","event":"PATIENT_LISTED","ip":"::1","results":2},"timestamp":"2026-04-29T06:13:49.057Z"}
{"level":"info","message":{"actor_id":"1777432837989","actor_role":"system_admin","event":"PATIENT_VIEWED","ip":"::1","patient_id":"PAT-20260429-0001"},"timestamp":"2026-04-29T06:13:51.462Z"}
{"level":"info","message":{"actor_id":"1777432837989","actor_role":"system_admin","event":"PATIENT_VIEWED","ip":"::1","patient_id":"PAT-20260429-0001"},"timestamp":"2026-04-29T06:13:51.575Z"}
{"level":"info","message":{"actor_id":"1777432837989","actor_role":"system_admin","event":"PATIENT_LISTED","ip":"::1","results":2},"timestamp":"2026-04-29T06:14:12.997Z"}
{"level":"info","message":{"actor_id":"1777432837989","actor_role":"system_admin","event":"PATIENT_LISTED","ip":"::1","results":2},"timestamp":"2026-04-29T06:17:33.856Z"}
{"level":"info","message":{"actor_id":"1777432837989","actor_role":"system_admin","event":"PATIENT_LISTED","ip":"::1","results":2},"timestamp":"2026-04-29T06:17:34.032Z"}
{"level":"info","message":{"appointment_id":"APT-mojnygn4-1FLH6Q","event":"APPOINTMENT_CREATED","ip":"::1","patient_id":"PAT-20260429-0002"},"timestamp":"2026-04-29T06:18:03.004Z"}
{"level":"info","message":{"actor_id":"1777432837989","actor_role":"system_admin","event":"PATIENT_LISTED","ip":"::1","results":2},"timestamp":"2026-04-29T06:18:11.794Z"}
{"level":"info","message":{"actor_id":"1777432837989","actor_role":"system_admin","event":"PATIENT_LISTED","ip":"::1","results":2},"timestamp":"2026-04-29T06:18:15.320Z"}
{"level":"info","message":{"actor_id":"1777432837989","actor_role":"system_admin","event":"PATIENT_LISTED","ip":"::1","results":2},"timestamp":"2026-04-29T06:18:41.804Z"}
{"level":"info","message":{"actor_id":"1777432837989","actor_role":"system_admin","event":"PATIENT_LISTED","ip":"::1","results":2},"timestamp":"2026-04-29T06:18:41.923Z"}
{"level":"info","message":{"actor_id":"1777432837989","actor_role":"system_admin","event":"PATIENT_LISTED","ip":"::1","results":2},"timestamp":"2026-04-29T06:18:44.439Z"}
{"level":"info","message":{"actor_id":"1777432837989","actor_role":"system_admin","event":"PATIENT_LISTED","ip":"::1","results":2},"timestamp":"2026-04-29T06:19:27.753Z"}
{"level":"info","message":{"actor_id":"1777432837989","actor_role":"system_admin","event":"PATIENT_LISTED","ip":"::1","results":2},"timestamp":"2026-04-29T06:19:27.959Z"}
{"level":"info","message":{"actor_id":"1777432837989","actor_role":"system_admin","event":"PATIENT_VIEWED","ip":"::1","patient_id":"PAT-20260429-0002"},"timestamp":"2026-04-29T06:19:33.544Z"}
{"level":"info","message":{"actor_id":"1777432837989","actor_role":"system_admin","event":"PATIENT_VIEWED","ip":"::1","patient_id":"PAT-20260429-0002"},"timestamp":"2026-04-29T06:19:33.660Z"}
{"level":"info","message":{"actor_id":"1777432837989","actor_role":"system_admin","event":"PATIENT_LISTED","ip":"::1","results":2},"timestamp":"2026-04-29T07:05:18.823Z"}
{"level":"info","message":{"actor_id":"1777432837989","actor_role":"system_admin","event":"PATIENT_LISTED","ip":"::1","results":2},"timestamp":"2026-04-29T07:05:19.031Z"}
{"level":"info","message":{"actor_id":"1777432837989","actor_role":"system_admin","event":"PATIENT_LISTED","ip":"::1","results":2},"timestamp":"2026-04-29T07:05:30.280Z"}
{"level":"info","message":{"actor_id":"1777432837989","actor_role":"system_admin","event":"PATIENT_LISTED","ip":"::1","results":2},"timestamp":"2026-04-29T07:05:50.374Z"}
{"level":"info","message":{"actor_id":"1777432837989","actor_role":"system_admin","event":"PATIENT_LISTED","ip":"::1","results":2},"timestamp":"2026-04-29T07:06:20.001Z"}
{"level":"info","message":{"actor_id":"1777432837989","actor_role":"system_admin","event":"PATIENT_LISTED","ip":"::1","results":2},"timestamp":"2026-04-29T07:06:22.231Z"}
{"level":"info","message":{"actor_id":"1777432837989","actor_role":"system_admin","event":"PATIENT_LISTED","ip":"::1","results":2},"timestamp":"2026-04-29T07:06:22.407Z"}
{"level":"info","message":{"actor_id":"1777432837989","actor_role":"system_admin","event":"PATIENT_LISTED","ip":"::1","results":2},"timestamp":"2026-04-29T07:07:13.799Z"}
{"level":"info","message":{"actor_id":"1777432837989","actor_role":"system_admin","event":"PATIENT_LISTED","ip":"::1","results":2},"timestamp":"2026-04-29T07:07:42.851Z"}
{"level":"info","message":{"actor_id":"1777432837989","actor_role":"system_admin","event":"PATIENT_LISTED","ip":"::1","results":2},"timestamp":"2026-04-29T07:09:06.047Z"}
{"level":"info","message":{"actor_id":"1777432837989","actor_role":"system_admin","event":"PATIENT_LISTED","ip":"::1","results":2},"timestamp":"2026-04-29T07:10:34.762Z"}
{"level":"info","message":{"actor_id":"1777432837989","actor_role":"system_admin","event":"PATIENT_LISTED","ip":"::1","results":2},"timestamp":"2026-04-29T07:12:23.910Z"}
{"level":"info","message":{"actor_id":"1777432837989","actor_role":"system_admin","event":"PATIENT_LISTED","ip":"::1","results":2},"timestamp":"2026-04-29T07:12:32.962Z"}
{"level":"info","message":{"actor_id":"1777432837989","actor_role":"system_admin","event":"PATIENT_LISTED","ip":"::1","results":2},"timestamp":"2026-04-29T07:12:33.154Z"}
{"level":"info","message":{"actor_id":"1777432837989","actor_role":"system_admin","event":"PATIENT_LISTED","ip":"::1","results":2},"timestamp":"2026-04-29T07:12:50.242Z"}
{"level":"info","message":{"actor_id":"1777432837989","actor_role":"system_admin","event":"PATIENT_LISTED","ip":"::1","results":2},"timestamp":"2026-04-29T07:12:52.525Z"}
{"level":"info","message":{"actor_id":"1777432837989","actor_role":"system_admin","event":"PATIENT_LISTED","ip":"::1","results":2},"timestamp":"2026-04-29T07:12:52.803Z"}
{"level":"info","message":{"actor_id":"1777432837989","actor_role":"system_admin","event":"PATIENT_LISTED","ip":"::1","results":2},"timestamp":"2026-04-29T07:12:59.009Z"}
{"level":"info","message":{"actor_id":"1777432837989","actor_role":"system_admin","event":"PATIENT_LISTED","ip":"::1","results":2},"timestamp":"2026-04-29T07:13:01.057Z"}
{"level":"info","message":{"actor_id":"1777432837989","actor_role":"system_admin","event":"PATIENT_LISTED","ip":"::1","results":2},"timestamp":"2026-04-29T07:13:01.176Z"}
{"level":"info","message":{"actor_id":"1777432837989","actor_role":"system_admin","event":"PATIENT_LISTED","ip":"::1","results":2},"timestamp":"2026-04-29T07:13:07.721Z"}
{"level":"info","message":{"actor_id":"1777432837989","actor_role":"system_admin","event":"PATIENT_LISTED","ip":"::1","results":2},"timestamp":"2026-04-29T07:23:53.279Z"}
{"level":"info","message":{"actor_id":"1777432837989","actor_role":"system_admin","event":"PATIENT_LISTED","ip":"::1","results":2},"timestamp":"2026-04-29T07:24:20.199Z"}
{"level":"info","message":{"actor_id":"1777432837989","actor_role":"system_admin","event":"PATIENT_LISTED","ip":"::1","results":2},"timestamp":"2026-04-29T07:24:44.699Z"}
{"level":"info","message":{"actor_id":"1777432837989","actor_role":"system_admin","event":"PATIENT_LISTED","ip":"::1","results":2},"timestamp":"2026-04-29T07:24:44.840Z"}
{"level":"info","message":{"actor_id":"1777432837989","actor_role":"system_admin","event":"PATIENT_VIEWED","ip":"::1","patient_id":"PAT-20260429-0001"},"timestamp":"2026-04-29T07:25:37.099Z"}
{"level":"info","message":{"actor_id":"1777432837989","actor_role":"system_admin","event":"PATIENT_LISTED","ip":"::1","results":2},"timestamp":"2026-04-29T07:30:44.108Z"}
{"level":"info","message":{"actor_id":"1777432837989","actor_role":"system_admin","event":"PATIENT_LISTED","ip":"::1","results":2},"timestamp":"2026-04-29T07:30:44.253Z"}
{"level":"info","message":{"actor_id":"1777432837989","actor_role":"system_admin","event":"PATIENT_LISTED","ip":"::1","results":2},"timestamp":"2026-04-29T07:30:50.202Z"}
{"level":"info","message":{"actor_id":"1777432837989","actor_role":"system_admin","event":"PATIENT_LISTED","ip":"::1","results":2},"timestamp":"2026-04-29T07:30:51.865Z"}
{"level":"info","message":{"actor_id":"1777432837989","actor_role":"system_admin","event":"PATIENT_LISTED","ip":"::1","results":2},"timestamp":"2026-04-29T07:30:51.956Z"}
{"level":"info","message":{"actor_id":"1777432837989","actor_role":"system_admin","event":"PATIENT_LISTED","ip":"::1","results":2},"timestamp":"2026-04-29T07:30:54.550Z"}
{"level":"info","message":{"actor_id":"1777432837989","actor_role":"system_admin","event":"PATIENT_LISTED","ip":"::1","results":2},"timestamp":"2026-04-29T07:40:01.534Z"}
{"level":"info","message":{"actor_id":"1777432837989","actor_role":"system_admin","event":"PATIENT_LISTED","ip":"::1","results":2},"timestamp":"2026-04-29T07:40:01.619Z"}
{"level":"info","message":{"actor_id":"1777432837989","actor_role":"system_admin","event":"PATIENT_LISTED","ip":"::1","results":2},"timestamp":"2026-04-29T07:40:10.049Z"}
{"level":"info","message":{"actor_id":"1777432837989","actor_role":"system_admin","event":"PATIENT_LISTED","ip":"::1","results":2},"timestamp":"2026-04-29T07:40:15.303Z"}
{"level":"info","message":{"actor_id":"1777432837989","actor_role":"system_admin","event":"PATIENT_LISTED","ip":"::1","results":2},"timestamp":"2026-04-29T07:40:15.398Z"}
{"level":"info","message":{"actor_id":"1777432837989","actor_role":"system_admin","event":"PATIENT_LISTED","ip":"::1","results":2},"timestamp":"2026-04-29T07:40:16.221Z"}
{"level":"info","message":{"actor_id":"1777432837989","actor_role":"system_admin","event":"PATIENT_LISTED","ip":"::1","results":2},"timestamp":"2026-04-29T07:40:17.084Z"}
{"level":"info","message":{"actor_id":"1777432837989","actor_role":"system_admin","event":"PATIENT_LISTED","ip":"::1","results":2},"timestamp":"2026-04-29T07:40:17.190Z"}
{"level":"info","message":{"actor_id":"1777432837989","actor_role":"system_admin","event":"PATIENT_LISTED","ip":"::1","results":2},"timestamp":"2026-04-29T07:40:22.162Z"}
{"level":"info","message":{"actor_id":"1777432837989","actor_role":"system_admin","event":"PATIENT_LISTED","ip":"::1","results":2},"timestamp":"2026-04-29T07:42:10.286Z"}
{"level":"info","message":{"actor_id":"1777432837989","actor_role":"system_admin","event":"PATIENT_LISTED","ip":"::1","results":2},"timestamp":"2026-04-29T07:45:02.268Z"}
{"level":"info","message":{"actor_id":"1777432837989","actor_role":"system_admin","event":"PATIENT_LISTED","ip":"::1","results":2},"timestamp":"2026-04-29T07:45:02.381Z"}
{"level":"info","message":{"actor_id":"1777432837989","actor_role":"system_admin","event":"PATIENT_VIEWED","ip":"::1","patient_id":"PAT-20260429-0001"},"timestamp":"2026-04-29T07:45:04.550Z"}
{"level":"info","message":{"actor_id":"1777432837989","actor_role":"system_admin","event":"PATIENT_VIEWED","ip":"::1","patient_id":"PAT-20260429-0001"},"timestamp":"2026-04-29T07:45:04.640Z"}
{"level":"info","message":{"actor_id":"1777432837989","actor_role":"system_admin","event":"PATIENT_LISTED","ip":"::1","results":2},"timestamp":"2026-04-29T07:54:33.305Z"}
{"level":"info","message":{"actor_id":"1777432837989","actor_role":"system_admin","event":"PATIENT_LISTED","ip":"::1","results":2},"timestamp":"2026-04-29T08:02:39.599Z"}
{"level":"info","message":{"actor_id":"1777432837989","actor_role":"system_admin","event":"PATIENT_LISTED","ip":"::1","results":2},"timestamp":"2026-04-29T08:02:39.752Z"}
{"level":"info","message":{"actor_id":"1777432837989","actor_role":"system_admin","event":"PATIENT_VIEWED","ip":"::1","patient_id":"PAT-20260429-0001"},"timestamp":"2026-04-29T08:02:42.146Z"}
{"level":"info","message":{"actor_id":"1777432837989","actor_role":"system_admin","event":"PATIENT_VIEWED","ip":"::1","patient_id":"PAT-20260429-0001"},"timestamp":"2026-04-29T08:02:42.240Z"}
{"level":"info","message":{"actor_id":"1777432837989","actor_role":"system_admin","event":"PATIENT_LISTED","ip":"::1","results":2},"timestamp":"2026-05-02T12:23:47.798Z"}
{"level":"info","message":{"actor_id":"1777432837989","actor_role":"system_admin","event":"PATIENT_LISTED","ip":"::1","results":2},"timestamp":"2026-05-02T12:23:47.899Z"}
{"level":"info","message":{"actor_id":"1777432837989","actor_role":"system_admin","event":"PATIENT_LISTED","ip":"::1","results":2},"timestamp":"2026-05-02T12:23:53.073Z"}
{"level":"info","message":{"actor_id":"1777432837989","actor_role":"system_admin","event":"PATIENT_LISTED","ip":"::1","results":2},"timestamp":"2026-05-02T12:23:54.690Z"}
{"level":"info","message":{"actor_id":"1777432837989","actor_role":"system_admin","event":"PATIENT_LISTED","ip":"::1","results":2},"timestamp":"2026-05-02T12:23:54.776Z"}
{"level":"info","message":{"actor_id":"1777432837989","actor_role":"system_admin","event":"PATIENT_LISTED","ip":"::1","results":2},"timestamp":"2026-05-02T12:23:56.435Z"}
{"level":"info","message":{"actor_id":"1777432837989","actor_role":"system_admin","event":"PATIENT_LISTED","ip":"::1","results":2},"timestamp":"2026-05-02T12:23:59.984Z"}
{"level":"info","message":{"actor_id":"1777432837989","actor_role":"system_admin","event":"PATIENT_LISTED","ip":"::1","results":2},"timestamp":"2026-05-02T12:24:00.066Z"}
{"level":"info","message":{"actor_id":"1777432837989","actor_role":"system_admin","event":"PATIENT_LISTED","ip":"::1","results":2},"timestamp":"2026-05-02T12:57:13.426Z"}
{"level":"info","message":{"actor_id":"1777432837989","actor_role":"system_admin","event":"PATIENT_LISTED","ip":"::1","results":2},"timestamp":"2026-05-02T13:01:46.348Z"}
{"level":"info","message":{"actor_id":"1777432837989","actor_role":"system_admin","event":"PATIENT_LISTED","ip":"::1","results":2},"timestamp":"2026-05-02T13:02:46.374Z"}
{"level":"info","message":{"actor_id":"1777432837989","actor_role":"system_admin","event":"PATIENT_LISTED","ip":"::1","results":2},"timestamp":"2026-05-02T13:03:16.480Z"}
{"level":"info","message":{"actor_id":"1777432837989","actor_role":"system_admin","event":"PATIENT_LISTED","ip":"::1","results":2},"timestamp":"2026-05-02T13:04:48.371Z"}
{"level":"info","message":{"actor_id":"1777432837989","actor_role":"system_admin","event":"PATIENT_LISTED","ip":"::1","results":2},"timestamp":"2026-05-02T13:14:36.604Z"}
{"level":"info","message":{"actor_id":"1777432837989","actor_role":"system_admin","event":"PATIENT_LISTED","ip":"::1","results":2},"timestamp":"2026-05-02T13:14:48.029Z"}
{"level":"info","message":{"actor_id":"1777432837989","actor_role":"system_admin","event":"PATIENT_LISTED","ip":"::1","results":2},"timestamp":"2026-05-02T13:15:06.143Z"}
{"level":"info","message":{"actor_id":"1777432837989","actor_role":"system_admin","event":"PATIENT_LISTED","ip":"::1","results":2},"timestamp":"2026-05-02T13:19:19.972Z"}
{"level":"info","message":{"actor_id":"1777432837989","actor_role":"system_admin","event":"PATIENT_LISTED","ip":"::1","results":2},"timestamp":"2026-05-02T13:21:16.551Z"}
{"level":"info","message":{"event":"HEALTH_RECORD_CREATED","ip":"::1","patient_id":"PAT-20260429-0001","record_id":"REC-mooen9pj-AKFJRE"},"timestamp":"2026-05-02T13:56:14.805Z"}
{"level":"info","message":{"actor_id":"1777432837989","actor_role":"system_admin","event":"PATIENT_VIEWED","ip":"::1","patient_id":"PAT-20260429-0001"},"timestamp":"2026-05-02T13:56:23.072Z"}
{"level":"info","message":{"actor_id":"1777432837989","actor_role":"system_admin","event":"PATIENT_VIEWED","ip":"::1","patient_id":"PAT-20260429-0001"},"timestamp":"2026-05-02T13:56:23.156Z"}
{"level":"info","message":{"actor_id":"1777432837989","actor_role":"system_admin","event":"PATIENT_LISTED","ip":"::1","results":2},"timestamp":"2026-05-02T13:56:34.432Z"}
{"level":"info","message":{"actor_id":"1777432837989","actor_role":"system_admin","event":"PATIENT_LISTED","ip":"::1","results":2},"timestamp":"2026-05-02T13:56:37.562Z"}
{"level":"info","message":{"actor_id":"1777432837989","actor_role":"system_admin","event":"PATIENT_LISTED","ip":"::1","results":2},"timestamp":"2026-05-02T13:56:37.641Z"}
{"level":"info","message":{"actor_id":"1777432837989","actor_role":"system_admin","event":"PATIENT_LISTED","ip":"::1","results":2},"timestamp":"2026-05-03T03:19:42.574Z"}
{"level":"info","message":{"actor_id":"1777432837989","actor_role":"system_admin","event":"PATIENT_LISTED","ip":"::1","results":2},"timestamp":"2026-05-03T03:19:42.641Z"}
{"level":"info","message":{"actor_id":"1777432837989","actor_role":"system_admin","event":"PATIENT_LISTED","ip":"::1","results":2},"timestamp":"2026-05-03T03:21:03.709Z"}
{"level":"info","message":{"actor_id":"1777432837989","actor_role":"system_admin","event":"PATIENT_LISTED","ip":"::1","results":2},"timestamp":"2026-05-03T03:21:03.773Z"}
{"level":"info","message":{"actor_id":"1777432837989","actor_role":"system_admin","event":"PATIENT_LISTED","ip":"::1","results":2},"timestamp":"2026-05-03T03:21:05.513Z"}
{"level":"info","message":{"actor_id":"1777432837989","actor_role":"system_admin","event":"PATIENT_LISTED","ip":"::1","results":2},"timestamp":"2026-05-03T03:21:24.241Z"}
{"level":"info","message":{"actor_id":"1777432837989","actor_role":"system_admin","event":"PATIENT_LISTED","ip":"::1","results":2},"timestamp":"2026-05-03T03:21:24.331Z"}
{"level":"info","message":{"event":"HEALTH_RECORD_CREATED","ip":"::1","patient_id":"PAT-20260429-0001","record_id":"REC-mop7fii5-OWF942"},"timestamp":"2026-05-03T03:22:01.812Z"}
{"level":"info","message":{"event":"PRESCRIPTION_INVOICE_CREATED","health_record_id":"REC-mop7fii5-OWF942","invoice_id":"INV-mop7fil2-Q48URD","ip":"::1","patient_id":"PAT-20260429-0001","total_amount":25.5},"timestamp":"2026-05-03T03:22:01.905Z"}
{"level":"info","message":{"actor_id":"1777432837989","actor_role":"system_admin","event":"PATIENT_LISTED","ip":"::1","results":3},"timestamp":"2026-05-03T03:30:32.774Z"}
{"level":"info","message":{"actor_id":"1777432837989","actor_role":"system_admin","event":"PATIENT_LISTED","ip":"::1","results":3},"timestamp":"2026-05-03T03:30:40.222Z"}
{"level":"info","message":{"actor_id":"1777432837989","actor_role":"system_admin","event":"PATIENT_LISTED","ip":"::1","results":3},"timestamp":"2026-05-03T03:30:49.874Z"}
{"level":"info","message":{"actor_id":"1777432837989","actor_role":"system_admin","event":"PATIENT_LISTED","ip":"::1","results":3},"timestamp":"2026-05-03T03:30:52.619Z"}
{"level":"info","message":{"actor_id":"1777432837989","actor_role":"system_admin","event":"PATIENT_LISTED","ip":"::1","results":3},"timestamp":"2026-05-03T03:30:52.690Z"}
{"level":"info","message":{"actor_id":"1777432837989","actor_role":"system_admin","event":"PATIENT_LISTED","ip":"::1","results":10},"timestamp":"2026-05-03T03:34:06.057Z"}
{"level":"info","message":{"actor_id":"1777432837989","actor_role":"system_admin","event":"PATIENT_LISTED","ip":"::1","results":10},"timestamp":"2026-05-03T03:34:08.307Z"}
{"level":"info","message":{"actor_id":"1777432837989","actor_role":"system_admin","event":"PATIENT_LISTED","ip":"::1","results":10},"timestamp":"2026-05-03T03:34:08.390Z"}
{"level":"info","message":{"actor_id":"1777432837989","actor_role":"system_admin","event":"PATIENT_LISTED","ip":"::1","results":10},"timestamp":"2026-05-03T03:34:11.213Z"}
{"level":"info","message":{"actor_id":"1777432837989","actor_role":"system_admin","event":"PATIENT_LISTED","ip":"::1","results":10},"timestamp":"2026-05-03T03:34:22.816Z"}
{"level":"info","message":{"actor_id":"1777432837989","actor_role":"system_admin","event":"PATIENT_LISTED","ip":"::1","results":10},"timestamp":"2026-05-03T10:59:52.812Z"}
{"level":"info","message":{"actor_id":"1777432837989","actor_role":"system_admin","event":"PATIENT_LISTED","ip":"::1","results":10},"timestamp":"2026-05-03T11:01:53.051Z"}
{"level":"info","message":{"actor_id":"1777432837989","actor_role":"system_admin","event":"PATIENT_LISTED","ip":"::1","results":10},"timestamp":"2026-05-03T11:15:46.403Z"}
{"level":"info","message":{"actor_id":"1777432837989","actor_role":"system_admin","event":"PATIENT_LISTED","ip":"::1","results":10},"timestamp":"2026-05-03T11:15:46.502Z"}
{"level":"info","message":{"actor_id":"1777432837989","actor_role":"system_admin","event":"PATIENT_LISTED","ip":"::1","results":10},"timestamp":"2026-05-03T11:15:52.424Z"}
{"level":"info","message":{"actor_id":"1777432837989","actor_role":"system_admin","event":"PATIENT_LISTED","ip":"::1","results":10},"timestamp":"2026-05-03T11:15:56.297Z"}
{"level":"info","message":{"actor_id":"actor-1","actor_role":"system_admin","event":"PATIENT_CREATED","ip":"::ffff:127.0.0.1","patient_id":"PAT-20260503-0001"},"timestamp":"2026-05-03T11:34:27.916Z"}
{"level":"info","message":{"actor_id":"actor-2","actor_role":"system_admin","event":"PATIENT_CREATED","ip":"::ffff:127.0.0.1","patient_id":"PAT-20260503-0001"},"timestamp":"2026-05-03T11:34:27.969Z"}
{"level":"info","message":{"actor_id":"actor-2","actor_role":"system_admin","event":"PATIENT_VIEWED","ip":"::ffff:127.0.0.1","patient_id":"PAT-20260503-0001"},"timestamp":"2026-05-03T11:34:27.979Z"}
{"level":"info","message":{"actor_id":"admin-1","actor_role":"system_admin","event":"PATIENT_CREATED","ip":"::ffff:127.0.0.1","patient_id":"PAT-20260503-0001"},"timestamp":"2026-05-03T11:34:29.478Z"}
{"level":"info","message":{"actor_id":"actor-1","actor_role":"system_admin","event":"PATIENT_CREATED","ip":"::ffff:127.0.0.1","patient_id":"PAT-20260503-0001"},"timestamp":"2026-05-03T11:34:45.886Z"}
{"level":"info","message":{"actor_id":"actor-2","actor_role":"system_admin","event":"PATIENT_CREATED","ip":"::ffff:127.0.0.1","patient_id":"PAT-20260503-0001"},"timestamp":"2026-05-03T11:34:45.934Z"}
{"level":"info","message":{"actor_id":"actor-2","actor_role":"system_admin","event":"PATIENT_VIEWED","ip":"::ffff:127.0.0.1","patient_id":"PAT-20260503-0001"},"timestamp":"2026-05-03T11:34:45.942Z"}
{"level":"info","message":{"actor_id":"admin-1","actor_role":"system_admin","event":"PATIENT_CREATED","ip":"::ffff:127.0.0.1","patient_id":"PAT-20260503-0001"},"timestamp":"2026-05-03T11:34:46.934Z"}
{"level":"info","message":{"actor_id":"actor-1","actor_role":"system_admin","event":"PATIENT_CREATED","ip":"::ffff:127.0.0.1","patient_id":"PAT-20260503-0001"},"timestamp":"2026-05-03T11:35:07.366Z"}
{"level":"info","message":{"actor_id":"actor-2","actor_role":"system_admin","event":"PATIENT_CREATED","ip":"::ffff:127.0.0.1","patient_id":"PAT-20260503-0001"},"timestamp":"2026-05-03T11:35:07.421Z"}
{"level":"info","message":{"actor_id":"actor-2","actor_role":"system_admin","event":"PATIENT_VIEWED","ip":"::ffff:127.0.0.1","patient_id":"PAT-20260503-0001"},"timestamp":"2026-05-03T11:35:07.431Z"}
{"level":"info","message":{"actor_id":"admin-1","actor_role":"system_admin","event":"PATIENT_CREATED","ip":"::ffff:127.0.0.1","patient_id":"PAT-20260503-0001"},"timestamp":"2026-05-03T11:35:08.426Z"}
{"level":"info","message":{"actor_id":"1777432837989","actor_role":"system_admin","event":"PATIENT_LISTED","ip":"::1","results":10},"timestamp":"2026-05-03T11:42:48.546Z"}
{"level":"info","message":{"actor_id":"1777432837989","actor_role":"system_admin","event":"PATIENT_VIEWED","ip":"::1","patient_id":"PAT-20260503-0002"},"timestamp":"2026-05-03T11:46:01.768Z"}
{"level":"info","message":{"actor_id":"1777432837989","actor_role":"system_admin","event":"PATIENT_VIEWED","ip":"::1","patient_id":"PAT-20260503-0002"},"timestamp":"2026-05-03T11:46:01.850Z"}
{"level":"info","message":{"actor_id":"1777432837989","actor_role":"system_admin","event":"PATIENT_VIEWED","ip":"::1","patient_id":"PAT-20260503-0059"},"timestamp":"2026-05-03T11:54:49.215Z"}
{"level":"info","message":{"actor_id":"1777432837989","actor_role":"system_admin","event":"PATIENT_VIEWED","ip":"::1","patient_id":"PAT-20260503-0059"},"timestamp":"2026-05-03T11:54:49.305Z"}
{"level":"info","message":{"actor_id":"1777432837989","actor_role":"system_admin","event":"PATIENT_VIEWED","ip":"::1","patient_id":"PAT-20260503-0001"},"timestamp":"2026-05-03T11:56:25.315Z"}
{"level":"info","message":{"actor_id":"1777432837989","actor_role":"system_admin","event":"PATIENT_VIEWED","ip":"::1","patient_id":"PAT-20260503-0001"},"timestamp":"2026-05-03T11:56:25.360Z"}
{"level":"info","message":{"actor_id":"1777432837989","actor_role":"system_admin","event":"PATIENT_LISTED","ip":"::1","results":60},"timestamp":"2026-05-03T11:56:39.644Z"}
{"level":"info","message":{"actor_id":"1777432837989","actor_role":"system_admin","event":"PATIENT_LISTED","ip":"::1","results":50},"timestamp":"2026-05-03T11:56:41.163Z"}
{"level":"info","message":{"actor_id":"1777432837989","actor_role":"system_admin","event":"PATIENT_LISTED","ip":"::1","results":50},"timestamp":"2026-05-03T11:56:41.283Z"}
{"level":"info","message":{"actor_id":"1777432837989","actor_role":"system_admin","event":"PATIENT_LISTED","ip":"::1","results":60},"timestamp":"2026-05-03T11:56:42.206Z"}
{"level":"info","message":{"actor_id":"1777432837989","actor_role":"system_admin","event":"PATIENT_LISTED","ip":"::1","results":60},"timestamp":"2026-05-03T11:56:43.362Z"}
{"level":"info","message":{"actor_id":"1777432837989","actor_role":"system_admin","event":"PATIENT_LISTED","ip":"::1","results":60},"timestamp":"2026-05-03T11:56:43.480Z"}
{"level":"info","message":{"actor_id":"1777432837989","actor_role":"system_admin","event":"PATIENT_LISTED","ip":"::1","results":60},"timestamp":"2026-05-03T11:56:52.485Z"}
{"level":"info","message":{"actor_id":"1777432837989","actor_role":"system_admin","event":"PATIENT_LISTED","ip":"::1","results":50},"timestamp":"2026-05-03T11:56:53.092Z"}
{"level":"info","message":{"actor_id":"1777432837989","actor_role":"system_admin","event":"PATIENT_LISTED","ip":"::1","results":50},"timestamp":"2026-05-03T11:56:53.170Z"}
{"level":"info","message":{"actor_id":"1777432837989","actor_role":"system_admin","event":"PATIENT_LISTED","ip":"::1","results":60},"timestamp":"2026-05-03T11:56:53.754Z"}
{"level":"info","message":{"actor_id":"1777432837989","actor_role":"system_admin","event":"PATIENT_LISTED","ip":"::1","results":60},"timestamp":"2026-05-03T11:56:58.381Z"}
{"level":"info","message":{"actor_id":"1777432837989","actor_role":"system_admin","event":"PATIENT_LISTED","ip":"::1","results":50},"timestamp":"2026-05-03T11:57:07.456Z"}
{"level":"info","message":{"actor_id":"1777432837989","actor_role":"system_admin","event":"PATIENT_LISTED","ip":"::1","results":50},"timestamp":"2026-05-03T11:57:07.571Z"}
{"level":"info","message":{"actor_id":"1777432837989","actor_role":"system_admin","event":"PATIENT_LISTED","ip":"::1","results":60},"timestamp":"2026-05-03T11:57:09.807Z"}
{"level":"info","message":{"actor_id":"admin-1","actor_role":"system_admin","event":"PATIENT_CREATED","ip":"::ffff:127.0.0.1","patient_id":"PAT-20260503-0001"},"timestamp":"2026-05-03T13:18:53.180Z"}
{"level":"info","message":{"actor_id":"admin-ml-ok","actor_role":"system_admin","event":"PATIENT_CREATED","ip":"::ffff:127.0.0.1","patient_id":"PAT-20260503-0001"},"timestamp":"2026-05-03T13:18:53.335Z"}
{"level":"info","message":{"actor_id":"admin-ml-down","actor_role":"system_admin","event":"PATIENT_CREATED","ip":"::ffff:127.0.0.1","patient_id":"PAT-20260503-0001"},"timestamp":"2026-05-03T13:18:53.381Z"}
{"level":"info","message":{"actor_id":"1777432837989","actor_role":"system_admin","event":"PATIENT_LISTED","ip":"::1","results":60},"timestamp":"2026-05-03T14:11:21.134Z"}
{"level":"info","message":{"actor_id":"1777432837989","actor_role":"system_admin","event":"PATIENT_LISTED","ip":"::1","results":60},"timestamp":"2026-05-03T14:11:21.473Z"}
{"level":"info","message":{"actor_id":"1777432837989","actor_role":"system_admin","event":"PATIENT_LISTED","ip":"::1","results":60},"timestamp":"2026-05-03T14:12:18.559Z"}
{"level":"info","message":{"actor_id":"1777432837989","actor_role":"system_admin","event":"PATIENT_LISTED","ip":"::1","results":60},"timestamp":"2026-05-03T14:12:18.734Z"}
{"level":"info","message":{"actor_id":"1777432837989","actor_role":"system_admin","event":"PATIENT_LISTED","ip":"::1","results":60},"timestamp":"2026-05-03T14:12:20.266Z"}
{"level":"info","message":{"actor_id":"1777432837989","actor_role":"system_admin","event":"PATIENT_LISTED","ip":"::1","results":50},"timestamp":"2026-05-03T14:12:21.204Z"}
{"level":"info","message":{"actor_id":"1777432837989","actor_role":"system_admin","event":"PATIENT_LISTED","ip":"::1","results":50},"timestamp":"2026-05-03T14:12:21.336Z"}
{"level":"info","message":{"actor_id":"1777432837989","actor_role":"system_admin","event":"PATIENT_LISTED","ip":"::1","results":60},"timestamp":"2026-05-03T14:12:22.138Z"}
{"level":"info","message":{"actor_id":"1777432837989","actor_role":"system_admin","event":"PATIENT_LISTED","ip":"::1","results":50},"timestamp":"2026-05-03T14:13:47.892Z"}
{"level":"info","message":{"actor_id":"1777432837989","actor_role":"system_admin","event":"PATIENT_LISTED","ip":"::1","results":50},"timestamp":"2026-05-03T14:13:48.067Z"}
{"level":"info","message":{"actor_id":"1777432837989","actor_role":"system_admin","event":"PATIENT_VIEWED","ip":"::1","patient_id":"PAT-20260503-0056"},"timestamp":"2026-05-03T14:13:52.864Z"}
{"level":"info","message":{"actor_id":"1777432837989","actor_role":"system_admin","event":"PATIENT_VIEWED","ip":"::1","patient_id":"PAT-20260503-0056"},"timestamp":"2026-05-03T14:13:52.937Z"}
{"level":"info","message":{"actor_id":"1777432837989","actor_role":"system_admin","event":"PATIENT_VIEWED","ip":"::1","patient_id":"PAT-20260503-0056"},"timestamp":"2026-05-03T14:28:31.858Z"}
{"level":"info","message":{"actor_id":"1777432837989","actor_role":"system_admin","event":"PATIENT_VIEWED","ip":"::1","patient_id":"PAT-20260503-0056"},"timestamp":"2026-05-03T14:30:30.636Z"}
{"level":"info","message":{"actor_id":"1777432837989","actor_role":"system_admin","event":"PATIENT_VIEWED","ip":"::1","patient_id":"PAT-20260503-0056"},"timestamp":"2026-05-03T14:30:40.942Z"}
{"level":"info","message":{"actor_id":"1777432837989","actor_role":"system_admin","event":"PATIENT_VIEWED","ip":"::1","patient_id":"PAT-20260503-0056"},"timestamp":"2026-05-03T14:31:25.163Z"}
{"level":"info","message":{"actor_id":"1777432837989","actor_role":"system_admin","event":"PATIENT_VIEWED","ip":"::1","patient_id":"PAT-20260503-0056"},"timestamp":"2026-05-03T14:32:15.800Z"}
{"level":"info","message":{"actor_id":"1777432837989","actor_role":"system_admin","event":"PATIENT_LISTED","ip":"::1","results":50},"timestamp":"2026-05-03T14:32:54.337Z"}
{"level":"info","message":{"actor_id":"1777432837989","actor_role":"system_admin","event":"PATIENT_LISTED","ip":"::1","results":50},"timestamp":"2026-05-03T14:32:54.501Z"}
{"level":"info","message":{"actor_id":"1777432837989","actor_role":"system_admin","event":"PATIENT_VIEWED","ip":"::1","patient_id":"PAT-20260503-0047"},"timestamp":"2026-05-03T14:32:55.571Z"}
{"level":"info","message":{"actor_id":"1777432837989","actor_role":"system_admin","event":"PATIENT_VIEWED","ip":"::1","patient_id":"PAT-20260503-0047"},"timestamp":"2026-05-03T14:32:55.608Z"}
{"level":"info","message":{"actor_id":"1777432837989","actor_role":"system_admin","event":"PATIENT_LISTED","ip":"::1","results":50},"timestamp":"2026-05-03T14:33:19.107Z"}
{"level":"info","message":{"actor_id":"1777432837989","actor_role":"system_admin","event":"PATIENT_LISTED","ip":"::1","results":50},"timestamp":"2026-05-03T14:33:19.277Z"}
{"level":"info","message":{"actor_id":"1777432837989","actor_role":"system_admin","event":"PATIENT_VIEWED","ip":"::1","patient_id":"PAT-20260503-0042"},"timestamp":"2026-05-03T14:33:21.476Z"}
{"level":"info","message":{"actor_id":"1777432837989","actor_role":"system_admin","event":"PATIENT_VIEWED","ip":"::1","patient_id":"PAT-20260503-0042"},"timestamp":"2026-05-03T14:33:21.544Z"}
{"level":"info","message":{"actor_id":"1777432837989","actor_role":"system_admin","event":"PATIENT_LISTED","ip":"::1","results":50},"timestamp":"2026-05-03T14:33:40.605Z"}
{"level":"info","message":{"actor_id":"1777432837989","actor_role":"system_admin","event":"PATIENT_LISTED","ip":"::1","results":50},"timestamp":"2026-05-03T14:33:40.768Z"}
{"level":"info","message":{"actor_id":"1777432837989","actor_role":"system_admin","event":"PATIENT_VIEWED","ip":"::1","patient_id":"PAT-20260503-0059"},"timestamp":"2026-05-03T14:33:42.623Z"}
{"level":"info","message":{"actor_id":"1777432837989","actor_role":"system_admin","event":"PATIENT_VIEWED","ip":"::1","patient_id":"PAT-20260503-0059"},"timestamp":"2026-05-03T14:33:42.658Z"}
{"level":"info","message":{"actor_id":"1777432837989","actor_role":"system_admin","event":"PATIENT_VIEWED","ip":"::1","patient_id":"PAT-20260503-0059"},"timestamp":"2026-05-03T14:37:33.577Z"}
{"level":"info","message":{"actor_id":"1777432837989","actor_role":"system_admin","event":"PATIENT_LISTED","ip":"::1","results":50},"timestamp":"2026-05-03T14:38:50.203Z"}
{"level":"info","message":{"actor_id":"1777432837989","actor_role":"system_admin","event":"PATIENT_LISTED","ip":"::1","results":50},"timestamp":"2026-05-03T14:38:50.379Z"}
{"level":"info","message":{"actor_id":"1777432837989","actor_role":"system_admin","event":"PATIENT_VIEWED","ip":"::1","patient_id":"PAT-20260503-0053"},"timestamp":"2026-05-03T14:38:51.813Z"}
{"level":"info","message":{"actor_id":"1777432837989","actor_role":"system_admin","event":"PATIENT_VIEWED","ip":"::1","patient_id":"PAT-20260503-0053"},"timestamp":"2026-05-03T14:38:51.897Z"}
{"level":"info","message":{"actor_id":"1777432837989","actor_role":"system_admin","event":"PATIENT_VIEWED","ip":"::1","patient_id":"PAT-20260503-0053"},"timestamp":"2026-05-03T14:38:56.774Z"}
{"level":"info","message":{"actor_id":"1777432837989","actor_role":"system_admin","event":"PATIENT_LISTED","ip":"::1","results":60},"timestamp":"2026-05-03T14:39:26.285Z"}
{"level":"info","message":{"actor_id":"1777432837989","actor_role":"system_admin","event":"PATIENT_LISTED","ip":"::1","results":60},"timestamp":"2026-05-03T14:39:26.467Z"}
{"level":"info","message":{"actor_id":"1777432837989","actor_role":"system_admin","event":"PATIENT_LISTED","ip":"::1","results":60},"timestamp":"2026-05-03T15:51:31.888Z"}
{"level":"info","message":{"actor_id":"1777432837989","actor_role":"system_admin","event":"PATIENT_LISTED","ip":"::1","results":60},"timestamp":"2026-05-03T15:51:31.989Z"}
{"level":"info","message":{"actor_id":"1777432837989","actor_role":"system_admin","event":"PATIENT_LISTED","ip":"::1","results":50},"timestamp":"2026-05-03T15:51:41.182Z"}
{"level":"info","message":{"actor_id":"1777432837989","actor_role":"system_admin","event":"PATIENT_LISTED","ip":"::1","results":50},"timestamp":"2026-05-03T15:51:41.341Z"}
{"level":"info","message":{"actor_id":"1777432837989","actor_role":"system_admin","event":"PATIENT_VIEWED","ip":"::1","patient_id":"PAT-20260503-0056"},"timestamp":"2026-05-03T15:51:44.133Z"}
{"level":"info","message":{"actor_id":"1777432837989","actor_role":"system_admin","event":"PATIENT_VIEWED","ip":"::1","patient_id":"PAT-20260503-0056"},"timestamp":"2026-05-03T15:51:44.211Z"}
{"level":"info","message":{"actor_id":"1777432837989","actor_role":"system_admin","event":"PATIENT_LISTED","ip":"::1","results":60},"timestamp":"2026-05-03T15:52:07.630Z"}
{"level":"info","message":{"actor_id":"1777432837989","actor_role":"system_admin","event":"PATIENT_LISTED","ip":"::1","results":60},"timestamp":"2026-05-03T15:52:50.700Z"}
{"level":"info","message":{"actor_id":"1777432837989","actor_role":"system_admin","event":"PATIENT_LISTED","ip":"::1","results":60},"timestamp":"2026-05-03T15:52:50.862Z"}
{"level":"info","message":{"actor_id":"1777432837989","actor_role":"system_admin","event":"PATIENT_LISTED","ip":"::1","results":50},"timestamp":"2026-05-03T15:52:52.886Z"}
{"level":"info","message":{"actor_id":"1777432837989","actor_role":"system_admin","event":"PATIENT_LISTED","ip":"::1","results":50},"timestamp":"2026-05-03T15:52:53.051Z"}
{"level":"info","message":{"actor_id":"1777432837989","actor_role":"system_admin","event":"PATIENT_VIEWED","ip":"::1","patient_id":"PAT-20260503-0056"},"timestamp":"2026-05-03T15:52:53.804Z"}
{"level":"info","message":{"actor_id":"1777432837989","actor_role":"system_admin","event":"PATIENT_VIEWED","ip":"::1","patient_id":"PAT-20260503-0056"},"timestamp":"2026-05-03T15:52:53.843Z"}
{"level":"info","message":{"actor_id":"1777432837989","actor_role":"system_admin","event":"PATIENT_LISTED","ip":"::1","results":60},"timestamp":"2026-05-03T16:24:03.969Z"}
{"level":"info","message":{"actor_id":"1777432837989","actor_role":"system_admin","event":"PATIENT_LISTED","ip":"::1","results":60},"timestamp":"2026-05-04T08:40:55.884Z"}
{"level":"info","message":{"actor_id":"1777432837989","actor_role":"system_admin","event":"PATIENT_LISTED","ip":"::1","results":60},"timestamp":"2026-05-04T08:40:56.593Z"}
{"level":"info","message":{"actor_id":"1777432837989","actor_role":"system_admin","event":"PATIENT_LISTED","ip":"::1","results":60},"timestamp":"2026-05-04T08:41:29.945Z"}
{"level":"info","message":{"actor_id":"1777432837989","actor_role":"system_admin","event":"PATIENT_LISTED","ip":"::1","results":60},"timestamp":"2026-05-04T08:41:39.741Z"}
{"level":"info","message":{"appointment_id":"APT-by-moqwxti3","event":"APPOINTMENT_CANCELLED","ip":"::1"},"timestamp":"2026-05-04T08:41:42.844Z"}
{"level":"info","message":{"actor_id":"1777432837989","actor_role":"system_admin","event":"PATIENT_LISTED","ip":"::1","results":50},"timestamp":"2026-05-04T08:41:48.110Z"}
{"level":"info","message":{"actor_id":"1777432837989","actor_role":"system_admin","event":"PATIENT_LISTED","ip":"::1","results":50},"timestamp":"2026-05-04T08:41:48.453Z"}
{"level":"info","message":{"actor_id":"1777432837989","actor_role":"system_admin","event":"PATIENT_VIEWED","ip":"::1","patient_id":"PAT-20260504-0052"},"timestamp":"2026-05-04T08:41:51.022Z"}
{"level":"info","message":{"actor_id":"1777432837989","actor_role":"system_admin","event":"PATIENT_VIEWED","ip":"::1","patient_id":"PAT-20260504-0052"},"timestamp":"2026-05-04T08:41:51.186Z"}
{"level":"info","message":{"actor_id":"1777432837989","actor_role":"system_admin","event":"PATIENT_LISTED","ip":"::1","results":50},"timestamp":"2026-05-04T08:42:50.403Z"}
{"level":"info","message":{"actor_id":"1777432837989","actor_role":"system_admin","event":"PATIENT_LISTED","ip":"::1","results":50},"timestamp":"2026-05-04T08:42:50.587Z"}
{"level":"info","message":{"actor_id":"1777432837989","actor_role":"system_admin","event":"PATIENT_LISTED","ip":"::1","results":50},"timestamp":"2026-05-04T08:43:02.448Z"}
{"level":"info","message":{"actor_id":"1777432837989","actor_role":"system_admin","event":"PATIENT_VIEWED","ip":"::1","patient_id":"PAT-20260504-0047"},"timestamp":"2026-05-04T08:43:12.721Z"}
{"level":"info","message":{"actor_id":"1777432837989","actor_role":"system_admin","event":"PATIENT_VIEWED","ip":"::1","patient_id":"PAT-20260504-0047"},"timestamp":"2026-05-04T08:43:12.841Z"}
{"level":"info","message":{"actor_id":"1777432837989","actor_role":"system_admin","event":"PATIENT_LISTED","ip":"::1","results":60},"timestamp":"2026-05-04T08:44:26.226Z"}
{"level":"info","message":{"actor_id":"1777432837989","actor_role":"system_admin","event":"PATIENT_LISTED","ip":"::1","results":50},"timestamp":"2026-05-04T08:44:43.203Z"}
{"level":"info","message":{"actor_id":"1777432837989","actor_role":"system_admin","event":"PATIENT_LISTED","ip":"::1","results":50},"timestamp":"2026-05-04T08:44:43.444Z"}
{"level":"info","message":{"actor_id":"1777432837989","actor_role":"system_admin","event":"PATIENT_LISTED","ip":"::1","results":50},"timestamp":"2026-05-04T08:50:17.644Z"}
{"level":"info","message":{"actor_id":"1777432837989","actor_role":"system_admin","event":"PATIENT_VIEWED","ip":"::1","patient_id":"PAT-20260504-0056"},"timestamp":"2026-05-04T08:50:20.694Z"}
{"level":"info","message":{"actor_id":"1777432837989","actor_role":"system_admin","event":"PATIENT_VIEWED","ip":"::1","patient_id":"PAT-20260504-0056"},"timestamp":"2026-05-04T08:50:20.853Z"}
{"level":"info","message":{"actor_id":"1777432837989","actor_role":"system_admin","event":"PATIENT_LISTED","ip":"::1","results":50},"timestamp":"2026-05-04T08:50:41.649Z"}
{"level":"info","message":{"actor_id":"1777432837989","actor_role":"system_admin","event":"PATIENT_LISTED","ip":"::1","results":50},"timestamp":"2026-05-04T08:50:41.971Z"}
{"level":"info","message":{"actor_id":"1777432837989","actor_role":"system_admin","event":"PATIENT_VIEWED","ip":"::1","patient_id":"PAT-20260504-0009"},"timestamp":"2026-05-04T08:50:50.987Z"}
{"level":"info","message":{"actor_id":"1777432837989","actor_role":"system_admin","event":"PATIENT_VIEWED","ip":"::1","patient_id":"PAT-20260504-0009"},"timestamp":"2026-05-04T08:50:51.116Z"}
{"level":"info","message":{"actor_id":"1777432837989","actor_role":"system_admin","event":"PATIENT_LISTED","ip":"::1","results":50},"timestamp":"2026-05-04T08:51:38.831Z"}
{"level":"info","message":{"actor_id":"1777432837989","actor_role":"system_admin","event":"PATIENT_LISTED","ip":"::1","results":50},"timestamp":"2026-05-04T08:51:39.540Z"}
{"level":"info","message":{"actor_id":"1777432837989","actor_role":"system_admin","event":"PATIENT_LISTED","ip":"::1","results":50},"timestamp":"2026-05-04T08:53:21.216Z"}
{"level":"info","message":{"actor_id":"1777432837989","actor_role":"system_admin","event":"PATIENT_LISTED","ip":"::1","results":50},"timestamp":"2026-05-04T08:54:02.489Z"}
{"level":"info","message":{"actor_id":"1777432837989","actor_role":"system_admin","event":"PATIENT_VIEWED","ip":"::1","patient_id":"PAT-20260504-0058"},"timestamp":"2026-05-04T08:54:07.910Z"}
{"level":"info","message":{"actor_id":"1777432837989","actor_role":"system_admin","event":"PATIENT_VIEWED","ip":"::1","patient_id":"PAT-20260504-0058"},"timestamp":"2026-05-04T08:54:07.999Z"}
{"level":"info","message":{"actor_id":"1777432837989","actor_role":"system_admin","event":"PATIENT_LISTED","ip":"::1","results":60},"timestamp":"2026-05-04T08:54:33.910Z"}
{"level":"info","message":{"actor_id":"1777432837989","actor_role":"system_admin","event":"PATIENT_LISTED","ip":"::1","results":50},"timestamp":"2026-05-04T08:54:38.692Z"}
{"level":"info","message":{"actor_id":"1777432837989","actor_role":"system_admin","event":"PATIENT_LISTED","ip":"::1","results":50},"timestamp":"2026-05-04T08:54:38.934Z"}
{"level":"info","message":{"actor_id":"1777432837989","actor_role":"system_admin","event":"PATIENT_VIEWED","ip":"::1","patient_id":"PAT-20260504-0054"},"timestamp":"2026-05-04T08:54:40.669Z"}
{"level":"info","message":{"actor_id":"1777432837989","actor_role":"system_admin","event":"PATIENT_VIEWED","ip":"::1","patient_id":"PAT-20260504-0054"},"timestamp":"2026-05-04T08:54:40.766Z"}
{"level":"info","message":{"actor_id":"1777432837989","actor_role":"system_admin","event":"PATIENT_LISTED","ip":"::1","results":50},"timestamp":"2026-05-04T08:54:57.260Z"}
{"level":"info","message":{"actor_id":"1777432837989","actor_role":"system_admin","event":"PATIENT_LISTED","ip":"::1","results":50},"timestamp":"2026-05-04T08:54:57.530Z"}
{"level":"info","message":{"actor_id":"1777432837989","actor_role":"system_admin","event":"PATIENT_VIEWED","ip":"::1","patient_id":"PAT-20260504-0010"},"timestamp":"2026-05-04T08:55:01.815Z"}
{"level":"info","message":{"actor_id":"1777432837989","actor_role":"system_admin","event":"PATIENT_VIEWED","ip":"::1","patient_id":"PAT-20260504-0010"},"timestamp":"2026-05-04T08:55:01.938Z"}
{"level":"info","message":{"actor_id":"1777432837989","actor_role":"system_admin","event":"PATIENT_LISTED","ip":"::1","results":60},"timestamp":"2026-05-04T09:28:40.335Z"}
{"level":"info","message":{"actor_id":"1777432837989","actor_role":"system_admin","event":"PATIENT_LISTED","ip":"::1","results":60},"timestamp":"2026-05-04T09:28:40.835Z"}
{"level":"info","message":{"actor_id":"1777432837989","actor_role":"system_admin","event":"PATIENT_LISTED","ip":"::1","results":60},"timestamp":"2026-05-04T09:31:40.614Z"}
{"level":"info","message":{"actor_id":"1777432837989","actor_role":"system_admin","event":"PATIENT_LISTED","ip":"::1","results":50},"timestamp":"2026-05-04T09:31:41.673Z"}
{"level":"info","message":{"actor_id":"1777432837989","actor_role":"system_admin","event":"PATIENT_LISTED","ip":"::1","results":50},"timestamp":"2026-05-04T09:31:41.930Z"}
{"level":"info","message":{"actor_id":"1777432837989","actor_role":"system_admin","event":"PATIENT_VIEWED","ip":"::1","patient_id":"PAT-20260504-0010"},"timestamp":"2026-05-04T09:31:51.599Z"}
{"level":"info","message":{"actor_id":"1777432837989","actor_role":"system_admin","event":"PATIENT_VIEWED","ip":"::1","patient_id":"PAT-20260504-0010"},"timestamp":"2026-05-04T09:31:51.679Z"}
{"level":"info","message":{"actor_id":"1777432837989","actor_role":"system_admin","event":"PATIENT_VIEWED","ip":"::1","patient_id":"PAT-20260504-0010"},"timestamp":"2026-05-04T09:42:10.539Z"}
{"level":"info","message":{"actor_id":"test-admin","actor_role":"api_key","event":"PRESCRIPTION_INVOICE_STATUS_UPDATED","invoice_id":"INV-2e-moqykdfp","ip":"::ffff:127.0.0.1","status":"paid"},"timestamp":"2026-05-05T03:27:17.864Z"}
{"level":"info","message":{"actor_id":"test-admin","actor_role":"api_key","event":"PRESCRIPTION_INVOICE_STATUS_UPDATED","invoice_id":"INV-2e-moqykdfp","ip":"::ffff:127.0.0.1","status":"paid"},"timestamp":"2026-05-05T03:27:35.622Z"}
{"level":"info","message":{"actor_id":"1777432837989","actor_role":"system_admin","event":"PATIENT_LISTED","ip":"::1","results":60},"timestamp":"2026-05-05T17:42:35.305Z"}
{"level":"info","message":{"actor_id":"1777432837989","actor_role":"system_admin","event":"PATIENT_LISTED","ip":"::1","results":60},"timestamp":"2026-05-05T17:42:35.596Z"}
{"level":"info","message":{"actor_id":"1777432837989","actor_role":"system_admin","event":"PATIENT_LISTED","ip":"::1","results":60},"timestamp":"2026-05-05T17:42:37.708Z"}
{"level":"info","message":{"actor_id":"1777432837989","actor_role":"system_admin","event":"PATIENT_LISTED","ip":"::1","results":50},"timestamp":"2026-05-05T17:42:39.010Z"}
{"level":"info","message":{"actor_id":"1777432837989","actor_role":"system_admin","event":"PATIENT_LISTED","ip":"::1","results":50},"timestamp":"2026-05-05T17:42:39.144Z"}
{"level":"info","message":{"actor_id":"1777432837989","actor_role":"system_admin","event":"PATIENT_LISTED","ip":"::1","results":60},"timestamp":"2026-05-05T17:42:40.044Z"}
{"level":"info","message":{"actor_id":"1777432837989","actor_role":"system_admin","event":"PATIENT_LISTED","ip":"::1","results":60},"timestamp":"2026-05-05T17:42:43.981Z"}
{"level":"info","message":{"actor_id":"1777432837989","actor_role":"system_admin","event":"PATIENT_LISTED","ip":"::1","results":60},"timestamp":"2026-05-05T17:42:44.123Z"}
{"level":"info","message":{"event":"PREDICTIVE_CARE_CRON_START"},"timestamp":"2026-05-05T18:00:00.080Z"}
{"level":"info","message":{"event":"PREDICTIVE_CARE_CRON_DONE"},"timestamp":"2026-05-05T18:00:27.257Z"}
{"level":"info","message":{"actor_id":"1777432837989","actor_role":"system_admin","event":"PATIENT_LISTED","ip":"::1","results":60},"timestamp":"2026-05-05T18:05:48.382Z"}
{"level":"info","message":{"actor_id":"1777432837989","actor_role":"system_admin","event":"PATIENT_LISTED","ip":"::1","results":60},"timestamp":"2026-05-05T18:05:48.771Z"}
{"level":"info","message":{"actor_id":"1777432837989","actor_role":"system_admin","event":"PATIENT_LISTED","ip":"::1","results":50},"timestamp":"2026-05-05T18:05:52.730Z"}
{"level":"info","message":{"actor_id":"1777432837989","actor_role":"system_admin","event":"PATIENT_LISTED","ip":"::1","results":50},"timestamp":"2026-05-05T18:05:52.911Z"}
{"level":"info","message":{"actor_id":"1777432837989","actor_role":"system_admin","event":"PATIENT_LISTED","ip":"::1","results":60},"timestamp":"2026-05-05T18:05:59.650Z"}
{"level":"info","message":{"actor_id":"1777432837989","actor_role":"system_admin","event":"PATIENT_LISTED","ip":"::1","results":60},"timestamp":"2026-05-05T18:06:03.114Z"}
{"level":"info","message":{"actor_id":"1777432837989","actor_role":"system_admin","event":"PATIENT_LISTED","ip":"::1","results":60},"timestamp":"2026-05-05T18:06:03.420Z"}
{"level":"info","message":{"actor_id":"1777432837989","actor_role":"system_admin","event":"PATIENT_LISTED","ip":"::1","results":60},"timestamp":"2026-05-05T18:07:17.382Z"}
{"level":"info","message":{"actor_id":"1777432837989","actor_role":"system_admin","event":"PATIENT_LISTED","ip":"::1","results":60},"timestamp":"2026-05-05T18:07:17.598Z"}
{"level":"info","message":{"actor_id":"1777432837989","actor_role":"system_admin","event":"PATIENT_LISTED","ip":"::1","results":50},"timestamp":"2026-05-05T18:08:10.414Z"}
{"level":"info","message":{"actor_id":"1777432837989","actor_role":"system_admin","event":"PATIENT_LISTED","ip":"::1","results":50},"timestamp":"2026-05-05T18:08:10.568Z"}
{"level":"info","message":{"actor_id":"1777432837989","actor_role":"system_admin","event":"PATIENT_LISTED","ip":"::1","results":50},"timestamp":"2026-05-05T18:08:19.636Z"}
{"level":"info","message":{"actor_id":"1777432837989","actor_role":"system_admin","event":"PATIENT_LISTED","ip":"::1","results":60},"timestamp":"2026-05-05T18:31:25.774Z"}
{"level":"info","message":{"actor_id":"1777432837989","actor_role":"system_admin","event":"PATIENT_LISTED","ip":"::1","results":60},"timestamp":"2026-05-05T18:31:25.979Z"}
{"level":"info","message":{"actor_id":"1777432837989","actor_role":"system_admin","event":"PATIENT_LISTED","ip":"::1","results":50},"timestamp":"2026-05-05T18:31:37.379Z"}
{"level":"info","message":{"actor_id":"1777432837989","actor_role":"system_admin","event":"PATIENT_LISTED","ip":"::1","results":50},"timestamp":"2026-05-05T18:31:37.618Z"}
{"level":"info","message":{"actor_id":"1777432837989","actor_role":"system_admin","event":"PATIENT_LISTED","ip":"::1","results":50},"timestamp":"2026-05-05T18:31:43.016Z"}
{"level":"info","message":{"actor_id":"1778006545408","actor_role":"patient","event":"PATIENT_CREATED","patient_id":"PAT-20260506-0001"},"timestamp":"2026-05-05T18:42:25.622Z"}
{"level":"info","message":{"actor_id":"1778006545408","actor_role":"patient","event":"PATIENT_VIEWED_SELF","ip":"::1","patient_id":"PAT-20260506-0001"},"timestamp":"2026-05-05T18:42:27.048Z"}
{"level":"info","message":{"actor_id":"1778006545408","actor_role":"patient","event":"PATIENT_VIEWED_SELF","ip":"::1","patient_id":"PAT-20260506-0001"},"timestamp":"2026-05-05T18:42:27.090Z"}
{"level":"info","message":{"actor_id":"1777432837989","actor_role":"system_admin","event":"PATIENT_LISTED","ip":"::1","results":61},"timestamp":"2026-05-05T18:43:06.241Z"}
{"level":"info","message":{"actor_id":"1777432837989","actor_role":"system_admin","event":"PATIENT_LISTED","ip":"::1","results":61},"timestamp":"2026-05-05T18:43:06.445Z"}
{"level":"info","message":{"actor_id":"1777432837989","actor_role":"system_admin","event":"PATIENT_LISTED","ip":"::1","results":50},"timestamp":"2026-05-05T18:43:15.700Z"}
{"level":"info","message":{"actor_id":"1777432837989","actor_role":"system_admin","event":"PATIENT_LISTED","ip":"::1","results":50},"timestamp":"2026-05-05T18:43:15.877Z"}
{"level":"info","message":{"actor_id":"1777432837989","actor_role":"system_admin","event":"PATIENT_VIEWED","ip":"::1","patient_id":"PAT-20260506-0001"},"timestamp":"2026-05-05T18:43:19.146Z"}
{"level":"info","message":{"actor_id":"1777432837989","actor_role":"system_admin","event":"PATIENT_VIEWED","ip":"::1","patient_id":"PAT-20260506-0001"},"timestamp":"2026-05-05T18:43:19.240Z"}
{"level":"info","message":{"actor_id":"1778006545408","actor_role":"patient","event":"PATIENT_VIEWED_SELF","ip":"::1","patient_id":"PAT-20260506-0001"},"timestamp":"2026-05-05T18:43:30.508Z"}
{"level":"info","message":{"actor_id":"1778006545408","actor_role":"patient","event":"PATIENT_VIEWED_SELF","ip":"::1","patient_id":"PAT-20260506-0001"},"timestamp":"2026-05-05T18:43:30.695Z"}
{"level":"info","message":{"actor_id":"1778006545408","actor_role":"patient","event":"PATIENT_VIEWED_SELF","ip":"::1","patient_id":"PAT-20260506-0001"},"timestamp":"2026-05-05T18:43:32.444Z"}
{"level":"info","message":{"actor_id":"1778006545408","actor_role":"patient","event":"PATIENT_VIEWED_SELF","ip":"::1","patient_id":"PAT-20260506-0001"},"timestamp":"2026-05-05T18:43:32.521Z"}
{"level":"info","message":{"actor_id":"1778006545408","actor_role":"patient","event":"PATIENT_VIEWED_SELF","ip":"::1","patient_id":"PAT-20260506-0001"},"timestamp":"2026-05-05T18:43:38.101Z"}
{"level":"info","message":{"actor_id":"1778006545408","actor_role":"patient","event":"PATIENT_VIEWED_SELF","ip":"::1","patient_id":"PAT-20260506-0001"},"timestamp":"2026-05-05T18:43:38.201Z"}
{"level":"info","message":{"actor_id":"1778006545408","actor_role":"patient","event":"PATIENT_VIEWED_SELF","ip":"::1","patient_id":"PAT-20260506-0001"},"timestamp":"2026-05-05T18:43:43.975Z"}
{"level":"info","message":{"actor_id":"1778006545408","actor_role":"patient","event":"PATIENT_VIEWED_SELF","ip":"::1","patient_id":"PAT-20260506-0001"},"timestamp":"2026-05-05T18:43:44.058Z"}
{"level":"info","message":{"actor_id":"1777432837989","actor_role":"system_admin","event":"PATIENT_LISTED","ip":"::1","results":61},"timestamp":"2026-05-05T18:43:50.448Z"}
{"level":"info","message":{"actor_id":"1777432837989","actor_role":"system_admin","event":"PATIENT_LISTED","ip":"::1","results":61},"timestamp":"2026-05-05T18:43:50.633Z"}
{"level":"info","message":{"actor_id":"1777432837989","actor_role":"system_admin","event":"PATIENT_LISTED","ip":"::1","results":50},"timestamp":"2026-05-05T18:43:51.861Z"}
{"level":"info","message":{"actor_id":"1777432837989","actor_role":"system_admin","event":"PATIENT_LISTED","ip":"::1","results":50},"timestamp":"2026-05-05T18:43:52.124Z"}
{"level":"info","message":{"actor_id":"1777432837989","actor_role":"system_admin","event":"PATIENT_LISTED","ip":"::1","results":50},"timestamp":"2026-05-05T18:44:00.739Z"}
{"level":"info","message":{"actor_id":"1777432837989","actor_role":"system_admin","event":"PATIENT_LISTED","ip":"::1","results":50},"timestamp":"2026-05-05T18:44:00.848Z"}
{"level":"info","message":{"actor_id":"1777432837989","actor_role":"system_admin","event":"PATIENT_VIEWED","ip":"::1","patient_id":"PAT-20260504-0009"},"timestamp":"2026-05-05T18:44:05.032Z"}
{"level":"info","message":{"actor_id":"1777432837989","actor_role":"system_admin","event":"PATIENT_VIEWED","ip":"::1","patient_id":"PAT-20260504-0009"},"timestamp":"2026-05-05T18:44:05.069Z"}
{"level":"info","message":{"actor_id":"1777432837989","actor_role":"system_admin","event":"PATIENT_LISTED","ip":"::1","results":50},"timestamp":"2026-05-05T18:45:53.792Z"}
{"level":"info","message":{"actor_id":"1777432837989","actor_role":"system_admin","event":"PATIENT_LISTED","ip":"::1","results":50},"timestamp":"2026-05-05T18:45:54.120Z"}
{"level":"info","message":{"actor_id":"1777432837989","actor_role":"system_admin","event":"PATIENT_VIEWED","ip":"::1","patient_id":"PAT-20260506-0001"},"timestamp":"2026-05-05T18:45:55.065Z"}
{"level":"info","message":{"actor_id":"1777432837989","actor_role":"system_admin","event":"PATIENT_VIEWED","ip":"::1","patient_id":"PAT-20260506-0001"},"timestamp":"2026-05-05T18:45:55.163Z"}
{"level":"info","message":{"actor_id":"1777432837989","actor_role":"system_admin","event":"PATIENT_LISTED","ip":"::1","results":61},"timestamp":"2026-05-05T18:46:13.356Z"}
{"level":"info","message":{"actor_id":"69fa3f035210a3c8091cb4a0","actor_role":"system_admin","event":"PATIENT_LISTED","ip":"::1","results":61},"timestamp":"2026-05-05T19:05:07.960Z"}
{"level":"info","message":{"actor_id":"69fa3f035210a3c8091cb4a0","actor_role":"system_admin","event":"PATIENT_LISTED","ip":"::1","results":61},"timestamp":"2026-05-05T19:05:08.243Z"}
{"level":"info","message":{"actor_id":"69fa3f035210a3c8091cb4a0","actor_role":"system_admin","event":"PATIENT_LISTED","ip":"::1","results":61},"timestamp":"2026-05-05T19:05:21.854Z"}
{"level":"info","message":{"actor_id":"69fa3f035210a3c8091cb4a0","actor_role":"system_admin","event":"PATIENT_LISTED","ip":"::1","results":50},"timestamp":"2026-05-05T19:05:24.793Z"}
{"level":"info","message":{"actor_id":"69fa3f035210a3c8091cb4a0","actor_role":"system_admin","event":"PATIENT_LISTED","ip":"::1","results":50},"timestamp":"2026-05-05T19:05:24.877Z"}
{"level":"info","message":{"actor_id":"69fa3f1f5210a3c8091cb4b4","actor_role":"patient","event":"PATIENT_VIEWED_SELF","ip":"::1","patient_id":"PAT-20260504-0009"},"timestamp":"2026-05-05T19:06:10.040Z"}
{"level":"info","message":{"actor_id":"69fa3f1f5210a3c8091cb4b4","actor_role":"patient","event":"PATIENT_VIEWED_SELF","ip":"::1","patient_id":"PAT-20260504-0009"},"timestamp":"2026-05-05T19:06:10.112Z"}
{"level":"info","message":{"actor_id":"69fa3f1f5210a3c8091cb4b4","actor_role":"patient","event":"PATIENT_VIEWED_SELF","ip":"::1","patient_id":"PAT-20260504-0009"},"timestamp":"2026-05-05T19:06:15.388Z"}
{"level":"info","message":{"actor_id":"69fa3f1f5210a3c8091cb4b4","actor_role":"patient","event":"PATIENT_VIEWED_SELF","ip":"::1","patient_id":"PAT-20260504-0009"},"timestamp":"2026-05-05T19:06:15.510Z"}
{"level":"info","message":{"actor_id":"69fa3f1f5210a3c8091cb4b4","actor_role":"patient","event":"PATIENT_VIEWED_SELF","ip":"::1","patient_id":"PAT-20260504-0009"},"timestamp":"2026-05-05T19:06:38.648Z"}
{"level":"info","message":{"actor_id":"69fa3f1f5210a3c8091cb4b4","actor_role":"patient","event":"PATIENT_VIEWED_SELF","ip":"::1","patient_id":"PAT-20260504-0009"},"timestamp":"2026-05-05T19:06:38.717Z"}
{"level":"info","message":{"actor_id":"69fa3f1f5210a3c8091cb4b4","actor_role":"patient","event":"PATIENT_VIEWED_SELF","ip":"::1","patient_id":"PAT-20260504-0009"},"timestamp":"2026-05-05T19:06:43.430Z"}
{"level":"info","message":{"actor_id":"69fa3f1f5210a3c8091cb4b4","actor_role":"patient","event":"PATIENT_VIEWED_SELF","ip":"::1","patient_id":"PAT-20260504-0009"},"timestamp":"2026-05-05T19:06:43.484Z"}
{"level":"info","message":{"actor_id":"69fa3f035210a3c8091cb4a0","actor_role":"system_admin","event":"PATIENT_LISTED","ip":"::1","results":61},"timestamp":"2026-05-05T19:06:58.924Z"}
{"level":"info","message":{"actor_id":"69fa3f035210a3c8091cb4a0","actor_role":"system_admin","event":"PATIENT_LISTED","ip":"::1","results":61},"timestamp":"2026-05-05T19:06:59.126Z"}
{"level":"info","message":{"actor_id":"69fa3f035210a3c8091cb4a0","actor_role":"system_admin","event":"PATIENT_LISTED","ip":"::1","results":61},"timestamp":"2026-05-05T19:07:01.625Z"}
{"level":"info","message":{"actor_id":"69fa3f035210a3c8091cb4a0","actor_role":"system_admin","event":"PATIENT_LISTED","ip":"::1","results":50},"timestamp":"2026-05-05T19:07:02.627Z"}
{"level":"info","message":{"actor_id":"69fa3f035210a3c8091cb4a0","actor_role":"system_admin","event":"PATIENT_LISTED","ip":"::1","results":50},"timestamp":"2026-05-05T19:07:02.840Z"}
{"level":"info","message":{"actor_id":"69fa3f035210a3c8091cb4a0","actor_role":"system_admin","event":"PATIENT_LISTED","ip":"::1","results":61},"timestamp":"2026-05-05T19:07:04.786Z"}
{"level":"info","message":{"actor_id":"test-admin","actor_role":"api_key","event":"PRESCRIPTION_INVOICE_STATUS_UPDATED","invoice_id":"INV-2e-moqykdfp","ip":"::ffff:127.0.0.1","status":"paid"},"timestamp":"2026-05-05T20:58:11.198Z"}
{"level":"info","message":{"actor_id":"admin-1","actor_role":"system_admin","event":"PATIENT_CREATED","ip":"::ffff:127.0.0.1","patient_id":"PAT-20260506-0001"},"timestamp":"2026-05-05T20:58:13.674Z"}
{"level":"info","message":{"actor_id":"admin-ml-ok","actor_role":"system_admin","event":"PATIENT_CREATED","ip":"::ffff:127.0.0.1","patient_id":"PAT-20260506-0001"},"timestamp":"2026-05-05T20:58:14.078Z"}
{"level":"info","message":{"actor_id":"admin-ml-down","actor_role":"system_admin","event":"PATIENT_CREATED","ip":"::ffff:127.0.0.1","patient_id":"PAT-20260506-0001"},"timestamp":"2026-05-05T20:58:14.193Z"}
{"level":"info","message":{"actor_id":"actor-1","actor_role":"system_admin","event":"PATIENT_CREATED","ip":"::ffff:127.0.0.1","patient_id":"PAT-20260506-0001"},"timestamp":"2026-05-05T20:58:17.089Z"}
{"level":"info","message":{"actor_id":"actor-2","actor_role":"system_admin","event":"PATIENT_CREATED","ip":"::ffff:127.0.0.1","patient_id":"PAT-20260506-0001"},"timestamp":"2026-05-05T20:58:17.283Z"}
{"level":"info","message":{"actor_id":"actor-2","actor_role":"system_admin","event":"PATIENT_VIEWED","ip":"::ffff:127.0.0.1","patient_id":"PAT-20260506-0001"},"timestamp":"2026-05-05T20:58:17.301Z"}
{"level":"info","message":{"actor_id":"69fa3f035210a3c8091cb4a0","actor_role":"system_admin","event":"PATIENT_LISTED","ip":"::1","results":60},"timestamp":"2026-05-06T04:29:21.527Z"}
{"level":"info","message":{"actor_id":"69fa3f035210a3c8091cb4a0","actor_role":"system_admin","event":"PATIENT_LISTED","ip":"::1","results":60},"timestamp":"2026-05-06T04:29:21.862Z"}
{"level":"info","message":{"actor_id":"69fa3f035210a3c8091cb4a0","actor_role":"system_admin","event":"PATIENT_LISTED","ip":"::1","results":50},"timestamp":"2026-05-06T04:29:27.434Z"}
{"level":"info","message":{"actor_id":"69fa3f035210a3c8091cb4a0","actor_role":"system_admin","event":"PATIENT_LISTED","ip":"::1","results":50},"timestamp":"2026-05-06T04:29:27.522Z"}
{"level":"info","message":{"actor_id":"69fa3f035210a3c8091cb4a0","actor_role":"system_admin","event":"PATIENT_VIEWED","ip":"::1","patient_id":"PAT-20260506-0056"},"timestamp":"2026-05-06T04:29:30.320Z"}
{"level":"info","message":{"actor_id":"69fa3f035210a3c8091cb4a0","actor_role":"system_admin","event":"PATIENT_VIEWED","ip":"::1","patient_id":"PAT-20260506-0056"},"timestamp":"2026-05-06T04:29:30.370Z"}
{"level":"info","message":{"actor_id":"69fa3f035210a3c8091cb4a0","actor_role":"system_admin","event":"PATIENT_VIEWED","ip":"::1","patient_id":"PAT-20260506-0056"},"timestamp":"2026-05-06T04:34:02.321Z"}
{"level":"info","message":{"actor_id":"69fa3f035210a3c8091cb4a0","actor_role":"system_admin","event":"PATIENT_LISTED","ip":"::1","results":50},"timestamp":"2026-05-06T04:34:31.153Z"}
{"level":"info","message":{"actor_id":"69fa3f035210a3c8091cb4a0","actor_role":"system_admin","event":"PATIENT_LISTED","ip":"::1","results":50},"timestamp":"2026-05-06T04:34:31.335Z"}
{"level":"info","message":{"actor_id":"69fa3f035210a3c8091cb4a0","actor_role":"system_admin","event":"PATIENT_LISTED","ip":"::1","results":50},"timestamp":"2026-05-06T04:35:31.285Z"}
{"level":"info","message":{"actor_id":"69fa3f035210a3c8091cb4a0","actor_role":"system_admin","event":"PATIENT_LISTED","ip":"::1","results":50},"timestamp":"2026-05-06T04:35:31.584Z"}
{"level":"info","message":{"actor_id":"69fa3f035210a3c8091cb4a0","actor_role":"system_admin","event":"PATIENT_VIEWED","ip":"::1","patient_id":"PAT-20260506-0058"},"timestamp":"2026-05-06T04:35:38.865Z"}
{"level":"info","message":{"actor_id":"69fa3f035210a3c8091cb4a0","actor_role":"system_admin","event":"PATIENT_VIEWED","ip":"::1","patient_id":"PAT-20260506-0058"},"timestamp":"2026-05-06T04:35:38.952Z"}
{"level":"info","message":{"actor_id":"69fa3f035210a3c8091cb4a0","actor_role":"system_admin","event":"PATIENT_VIEWED","ip":"::1","patient_id":"PAT-20260506-0058"},"timestamp":"2026-05-06T04:35:54.164Z"}
{"level":"info","message":{"actor_id":"69fa3f035210a3c8091cb4a0","actor_role":"system_admin","event":"PATIENT_LISTED","ip":"::1","results":50},"timestamp":"2026-05-06T04:40:48.178Z"}
{"level":"info","message":{"actor_id":"69fa3f035210a3c8091cb4a0","actor_role":"system_admin","event":"PATIENT_LISTED","ip":"::1","results":50},"timestamp":"2026-05-06T04:40:48.429Z"}
{"level":"info","message":{"actor_id":"69fa3f035210a3c8091cb4a0","actor_role":"system_admin","event":"PATIENT_VIEWED","ip":"::1","patient_id":"PAT-20260506-0055"},"timestamp":"2026-05-06T04:40:51.128Z"}
{"level":"info","message":{"actor_id":"69fa3f035210a3c8091cb4a0","actor_role":"system_admin","event":"PATIENT_VIEWED","ip":"::1","patient_id":"PAT-20260506-0055"},"timestamp":"2026-05-06T04:40:51.195Z"}
{"level":"info","message":{"actor_id":"69fa3f035210a3c8091cb4a0","actor_role":"system_admin","event":"PATIENT_LISTED","ip":"::1","results":60},"timestamp":"2026-05-06T04:41:18.305Z"}
{"level":"info","message":{"actor_id":"69fa3f035210a3c8091cb4a0","actor_role":"system_admin","event":"PATIENT_LISTED","ip":"::1","results":60},"timestamp":"2026-05-06T04:41:21.952Z"}
{"level":"info","message":{"actor_id":"69fa3f035210a3c8091cb4a0","actor_role":"system_admin","event":"PATIENT_LISTED","ip":"::1","results":50},"timestamp":"2026-05-06T04:41:22.712Z"}
{"level":"info","message":{"actor_id":"69fa3f035210a3c8091cb4a0","actor_role":"system_admin","event":"PATIENT_LISTED","ip":"::1","results":50},"timestamp":"2026-05-06T04:41:22.823Z"}
{"level":"info","message":{"actor_id":"69fa3f035210a3c8091cb4a0","actor_role":"system_admin","event":"PATIENT_LISTED","ip":"::1","results":60},"timestamp":"2026-05-06T04:41:24.114Z"}
{"level":"info","message":{"actor_id":"69fa3f035210a3c8091cb4a0","actor_role":"system_admin","event":"PATIENT_LISTED","ip":"::1","results":60},"timestamp":"2026-05-06T05:08:26.803Z"}
{"level":"info","message":{"actor_id":"69fa3f035210a3c8091cb4a0","actor_role":"system_admin","event":"PATIENT_LISTED","ip":"::1","results":50},"timestamp":"2026-05-06T05:08:27.376Z"}
{"level":"info","message":{"actor_id":"69fa3f035210a3c8091cb4a0","actor_role":"system_admin","event":"PATIENT_LISTED","ip":"::1","results":50},"timestamp":"2026-05-06T05:08:27.495Z"}
{"level":"info","message":{"actor_id":"69fa3f035210a3c8091cb4a0","actor_role":"system_admin","event":"PATIENT_LISTED","ip":"::1","results":50},"timestamp":"2026-05-06T05:31:43.983Z"}
{"level":"info","message":{"actor_id":"69fa3f035210a3c8091cb4a0","actor_role":"system_admin","event":"PATIENT_VIEWED","ip":"::1","patient_id":"PAT-20260506-0056"},"timestamp":"2026-05-06T05:33:36.032Z"}
{"level":"info","message":{"actor_id":"69fa3f035210a3c8091cb4a0","actor_role":"system_admin","event":"PATIENT_VIEWED","ip":"::1","patient_id":"PAT-20260506-0056"},"timestamp":"2026-05-06T05:33:40.451Z"}
{"level":"info","message":{"actor_id":"69fa3f035210a3c8091cb4a0","actor_role":"system_admin","event":"PATIENT_VIEWED","ip":"::1","patient_id":"PAT-20260506-0056"},"timestamp":"2026-05-06T05:40:17.354Z"}
{"level":"info","message":{"actor_id":"69fa3f035210a3c8091cb4a0","actor_role":"system_admin","event":"PATIENT_VIEWED","ip":"::1","patient_id":"PAT-20260506-0058"},"timestamp":"2026-05-06T05:41:02.640Z"}
{"level":"info","message":{"actor_id":"69fa3f035210a3c8091cb4a0","actor_role":"system_admin","event":"PATIENT_VIEWED","ip":"::1","patient_id":"PAT-20260506-0058"},"timestamp":"2026-05-06T05:41:02.818Z"}
{"level":"info","message":{"actor_id":"69fa3f035210a3c8091cb4a0","actor_role":"system_admin","event":"PATIENT_VIEWED","ip":"::1","patient_id":"PAT-20260506-0058"},"timestamp":"2026-05-06T05:42:05.985Z"}
{"level":"info","message":{"actor_id":"69fa3f035210a3c8091cb4a0","actor_role":"system_admin","event":"PATIENT_VIEWED","ip":"::1","patient_id":"PAT-20260506-0058"},"timestamp":"2026-05-06T05:43:28.529Z"}
{"level":"info","message":{"actor_id":"69fa3f035210a3c8091cb4a0","actor_role":"system_admin","event":"PATIENT_LISTED","ip":"::1","results":50},"timestamp":"2026-05-06T05:53:31.798Z"}
{"level":"info","message":{"actor_id":"69fa3f035210a3c8091cb4a0","actor_role":"system_admin","event":"PATIENT_LISTED","ip":"::1","results":50},"timestamp":"2026-05-06T05:53:31.967Z"}
{"level":"info","message":{"actor_id":"69fa3f035210a3c8091cb4a0","actor_role":"system_admin","event":"PATIENT_VIEWED","ip":"::1","patient_id":"PAT-20260506-0058"},"timestamp":"2026-05-06T05:53:39.420Z"}
{"level":"info","message":{"actor_id":"69fa3f035210a3c8091cb4a0","actor_role":"system_admin","event":"PATIENT_VIEWED","ip":"::1","patient_id":"PAT-20260506-0058"},"timestamp":"2026-05-06T05:53:39.460Z"}
{"level":"info","message":{"actor_id":"69fa3f035210a3c8091cb4a0","actor_role":"system_admin","event":"PATIENT_LISTED","ip":"::1","results":50},"timestamp":"2026-05-06T05:53:49.240Z"}
{"level":"info","message":{"actor_id":"69fa3f035210a3c8091cb4a0","actor_role":"system_admin","event":"PATIENT_LISTED","ip":"::1","results":50},"timestamp":"2026-05-06T05:53:49.376Z"}
{"level":"info","message":{"actor_id":"69fa3f035210a3c8091cb4a0","actor_role":"system_admin","event":"PATIENT_VIEWED","ip":"::1","patient_id":"PAT-20260506-0060"},"timestamp":"2026-05-06T05:53:50.446Z"}
{"level":"info","message":{"actor_id":"69fa3f035210a3c8091cb4a0","actor_role":"system_admin","event":"PATIENT_VIEWED","ip":"::1","patient_id":"PAT-20260506-0060"},"timestamp":"2026-05-06T05:53:50.516Z"}
{"level":"info","message":{"actor_id":"69fa3f035210a3c8091cb4a0","actor_role":"system_admin","event":"PATIENT_LISTED","ip":"::1","results":50},"timestamp":"2026-05-06T05:53:59.476Z"}
{"level":"info","message":{"actor_id":"69fa3f035210a3c8091cb4a0","actor_role":"system_admin","event":"PATIENT_LISTED","ip":"::1","results":50},"timestamp":"2026-05-06T05:53:59.793Z"}
{"level":"info","message":{"actor_id":"69fa3f035210a3c8091cb4a0","actor_role":"system_admin","event":"PATIENT_VIEWED","ip":"::1","patient_id":"PAT-20260506-0039"},"timestamp":"2026-05-06T05:54:01.400Z"}
{"level":"info","message":{"actor_id":"69fa3f035210a3c8091cb4a0","actor_role":"system_admin","event":"PATIENT_VIEWED","ip":"::1","patient_id":"PAT-20260506-0039"},"timestamp":"2026-05-06T05:54:01.470Z"}
{"level":"info","message":{"actor_id":"69fa3f035210a3c8091cb4a0","actor_role":"system_admin","event":"PATIENT_LISTED","ip":"::1","results":60},"timestamp":"2026-05-06T05:54:23.163Z"}
{"level":"info","message":{"actor_id":"69fa3f035210a3c8091cb4a0","actor_role":"system_admin","event":"PATIENT_LISTED","ip":"::1","results":50},"timestamp":"2026-05-06T05:54:24.370Z"}
{"level":"info","message":{"actor_id":"69fa3f035210a3c8091cb4a0","actor_role":"system_admin","event":"PATIENT_LISTED","ip":"::1","results":50},"timestamp":"2026-05-06T05:54:24.502Z"}
{"level":"info","message":{"actor_id":"69fa3f035210a3c8091cb4a0","actor_role":"system_admin","event":"PATIENT_LISTED","ip":"::1","results":60},"timestamp":"2026-05-06T05:58:37.174Z"}
{"level":"info","message":{"actor_id":"69fa3f035210a3c8091cb4a0","actor_role":"system_admin","event":"PATIENT_LISTED","ip":"::1","results":60},"timestamp":"2026-05-06T05:58:37.370Z"}
{"level":"info","message":{"actor_id":"69fa3f035210a3c8091cb4a0","actor_role":"system_admin","event":"PATIENT_LISTED","ip":"::1","results":60},"timestamp":"2026-05-06T05:58:40.225Z"}
{"level":"info","message":{"actor_id":"69fa3f035210a3c8091cb4a0","actor_role":"system_admin","event":"PATIENT_LISTED","ip":"::1","results":60},"timestamp":"2026-05-06T05:58:40.306Z"}
{"level":"info","message":{"actor_id":"69fa3f035210a3c8091cb4a0","actor_role":"system_admin","event":"PATIENT_LISTED","ip":"::1","results":60},"timestamp":"2026-05-06T05:58:57.811Z"}
{"level":"info","message":{"actor_id":"69fa3f035210a3c8091cb4a0","actor_role":"system_admin","appointment_id":"APT-gb-moti0w8q","event":"APPOINTMENT_CANCELLED","ip":"::1"},"timestamp":"2026-05-06T05:59:01.170Z"}
{"level":"info","message":{"actor_id":"69fa3f035210a3c8091cb4a0","actor_role":"system_admin","event":"PATIENT_LISTED","ip":"::1","results":60},"timestamp":"2026-05-06T06:01:47.151Z"}
{"level":"info","message":{"actor_id":"69fa3f035210a3c8091cb4a0","actor_role":"system_admin","event":"PATIENT_LISTED","ip":"::1","results":60},"timestamp":"2026-05-06T06:02:02.274Z"}
{"level":"info","message":{"actor_id":"69fa3f035210a3c8091cb4a0","actor_role":"system_admin","event":"PATIENT_LISTED","ip":"::1","results":60},"timestamp":"2026-05-06T06:06:56.426Z"}
{"level":"info","message":{"actor_id":"69fa3f035210a3c8091cb4a0","actor_role":"system_admin","event":"PATIENT_LISTED","ip":"::1","results":50},"timestamp":"2026-05-06T06:06:58.053Z"}
{"level":"info","message":{"actor_id":"69fa3f035210a3c8091cb4a0","actor_role":"system_admin","event":"PATIENT_LISTED","ip":"::1","results":50},"timestamp":"2026-05-06T06:06:58.215Z"}
{"level":"info","message":{"actor_id":"69fa3f035210a3c8091cb4a0","actor_role":"system_admin","event":"PATIENT_LISTED","ip":"::ffff:127.0.0.1","results":60},"timestamp":"2026-05-06T06:07:01.869Z"}
{"level":"info","message":{"actor_id":"69fa3f035210a3c8091cb4a0","actor_role":"system_admin","event":"PATIENT_LISTED","ip":"::1","results":60},"timestamp":"2026-05-06T06:07:16.501Z"}
{"level":"info","message":{"actor_id":"69fa3f035210a3c8091cb4a0","actor_role":"system_admin","event":"PATIENT_LISTED","ip":"::1","results":60},"timestamp":"2026-05-06T06:07:23.236Z"}
{"level":"info","message":{"actor_id":"69fa3f035210a3c8091cb4a0","actor_role":"system_admin","event":"PATIENT_LISTED","ip":"::1","results":50},"timestamp":"2026-05-06T06:07:23.916Z"}
{"level":"info","message":{"actor_id":"69fa3f035210a3c8091cb4a0","actor_role":"system_admin","event":"PATIENT_LISTED","ip":"::1","results":50},"timestamp":"2026-05-06T06:07:23.974Z"}
{"level":"info","message":{"actor_id":"69fa3f035210a3c8091cb4a0","actor_role":"system_admin","event":"PATIENT_LISTED","ip":"::1","results":60},"timestamp":"2026-05-06T06:07:24.472Z"}
{"level":"info","message":{"actor_id":"69fa3f035210a3c8091cb4a0","actor_role":"system_admin","event":"PATIENT_LISTED","ip":"::1","results":60},"timestamp":"2026-05-06T06:11:08.660Z"}
{"level":"info","message":{"actor_id":"69fa3f035210a3c8091cb4a0","actor_role":"system_admin","event":"PATIENT_LISTED","ip":"::1","results":60},"timestamp":"2026-05-06T06:11:08.939Z"}
{"level":"info","message":{"actor_id":"69fa3f035210a3c8091cb4a0","actor_role":"system_admin","event":"PATIENT_LISTED","ip":"::1","results":50},"timestamp":"2026-05-06T06:11:10.574Z"}
{"level":"info","message":{"actor_id":"69fa3f035210a3c8091cb4a0","actor_role":"system_admin","event":"PATIENT_LISTED","ip":"::1","results":50},"timestamp":"2026-05-06T06:11:10.657Z"}
{"level":"info","message":{"actor_id":"69fa3f035210a3c8091cb4a0","actor_role":"system_admin","event":"PATIENT_LISTED","ip":"::1","results":8},"timestamp":"2026-05-06T06:12:11.748Z"}
{"level":"info","message":{"actor_id":"69fa3f035210a3c8091cb4a0","actor_role":"system_admin","event":"PATIENT_VIEWED","ip":"::1","patient_id":"PAT-20260506-0002"},"timestamp":"2026-05-06T06:19:35.009Z"}
{"level":"info","message":{"actor_id":"69fa3f035210a3c8091cb4a0","actor_role":"system_admin","event":"PATIENT_VIEWED","ip":"::1","patient_id":"PAT-20260506-0002"},"timestamp":"2026-05-06T06:19:35.123Z"}
{"level":"info","message":{"actor_id":"69fa3f035210a3c8091cb4a0","actor_role":"system_admin","event":"PATIENT_VIEWED","ip":"::1","patient_id":"PAT-20260506-0002"},"timestamp":"2026-05-06T06:22:44.229Z"}
{"level":"info","message":{"actor_id":"69fa3f035210a3c8091cb4a0","actor_role":"system_admin","event":"PATIENT_LISTED","ip":"::1","results":60},"timestamp":"2026-05-06T06:22:45.462Z"}
{"level":"info","message":{"actor_id":"69fa3f035210a3c8091cb4a0","actor_role":"system_admin","event":"PATIENT_LISTED","ip":"::1","results":50},"timestamp":"2026-05-06T06:22:46.684Z"}
{"level":"info","message":{"actor_id":"69fa3f035210a3c8091cb4a0","actor_role":"system_admin","event":"PATIENT_LISTED","ip":"::1","results":50},"timestamp":"2026-05-06T06:22:46.859Z"}
{"level":"info","message":{"actor_id":"69fa3f035210a3c8091cb4a0","actor_role":"system_admin","event":"PATIENT_LISTED","ip":"::1","results":60},"timestamp":"2026-05-06T06:22:48.808Z"}
{"level":"info","message":{"actor_id":"69fa3f035210a3c8091cb4a0","actor_role":"system_admin","event":"PATIENT_LISTED","ip":"::1","results":60},"timestamp":"2026-05-06T06:22:49.039Z"}
{"level":"info","message":{"actor_id":"69fa3f035210a3c8091cb4a0","actor_role":"system_admin","event":"PATIENT_LISTED","ip":"::1","results":61},"timestamp":"2026-05-06T07:18:07.955Z"}
{"level":"info","message":{"actor_id":"69fa3f035210a3c8091cb4a0","actor_role":"system_admin","event":"PATIENT_LISTED","ip":"::1","results":61},"timestamp":"2026-05-06T07:18:08.666Z"}
{"level":"info","message":{"actor_id":"69fa3f035210a3c8091cb4a0","actor_role":"system_admin","event":"PATIENT_LISTED","ip":"::1","results":61},"timestamp":"2026-05-06T07:19:58.301Z"}
{"level":"info","message":{"actor_id":"69fa3f035210a3c8091cb4a0","actor_role":"system_admin","event":"PATIENT_LISTED","ip":"::1","results":50},"timestamp":"2026-05-06T07:21:18.739Z"}
{"level":"info","message":{"actor_id":"69fa3f035210a3c8091cb4a0","actor_role":"system_admin","event":"PATIENT_LISTED","ip":"::1","results":50},"timestamp":"2026-05-06T07:21:19.332Z"}
{"level":"info","message":{"actor_id":"69fa3f035210a3c8091cb4a0","actor_role":"system_admin","event":"PATIENT_LISTED","ip":"::1","results":61},"timestamp":"2026-05-06T07:21:21.159Z"}
{"level":"info","message":{"actor_id":"69fa3f035210a3c8091cb4a0","actor_role":"system_admin","event":"PATIENT_LISTED","ip":"::1","results":61},"timestamp":"2026-05-06T07:21:23.179Z"}
{"level":"info","message":{"actor_id":"69fa3f035210a3c8091cb4a0","actor_role":"system_admin","event":"PATIENT_LISTED","ip":"::1","results":61},"timestamp":"2026-05-06T07:21:24.029Z"}
{"level":"info","message":{"actor_id":"69fa3f035210a3c8091cb4a0","actor_role":"system_admin","event":"PATIENT_LISTED","ip":"::1","results":61},"timestamp":"2026-05-06T07:22:56.680Z"}
{"level":"info","message":{"actor_id":"69fa3f035210a3c8091cb4a0","actor_role":"system_admin","event":"PATIENT_LISTED","ip":"::1","results":50},"timestamp":"2026-05-06T07:23:06.358Z"}
{"level":"info","message":{"actor_id":"69fa3f035210a3c8091cb4a0","actor_role":"system_admin","event":"PATIENT_LISTED","ip":"::1","results":50},"timestamp":"2026-05-06T07:23:06.739Z"}
{"level":"info","message":{"actor_id":"69fa3f035210a3c8091cb4a0","actor_role":"system_admin","event":"PATIENT_LISTED","ip":"::1","results":61},"timestamp":"2026-05-06T07:43:44.857Z"}
{"level":"info","message":{"actor_id":"69fae9ba11392f8ee823f799","actor_role":"patient","event":"PATIENT_VIEWED_SELF","ip":"::1","patient_id":"PAT-20260506-0061"},"timestamp":"2026-05-06T07:44:25.746Z"}
{"level":"info","message":{"actor_id":"69fae9ba11392f8ee823f799","actor_role":"patient","event":"PATIENT_VIEWED_SELF","ip":"::1","patient_id":"PAT-20260506-0061"},"timestamp":"2026-05-06T07:44:25.845Z"}
{"level":"info","message":{"actor_id":"69fae9ba11392f8ee823f799","actor_role":"patient","event":"PATIENT_VIEWED_SELF","ip":"::1","patient_id":"PAT-20260506-0061"},"timestamp":"2026-05-06T07:44:29.363Z"}
{"level":"info","message":{"actor_id":"69fae9ba11392f8ee823f799","actor_role":"patient","event":"PATIENT_VIEWED_SELF","ip":"::1","patient_id":"PAT-20260506-0061"},"timestamp":"2026-05-06T07:44:29.578Z"}
{"level":"info","message":{"actor_id":"69fae9ba11392f8ee823f799","actor_role":"patient","appointment_id":"APT-motr5g0e-ALVYLU","event":"APPOINTMENT_CREATED","ip":"::1","patient_id":"PAT-20260506-0061"},"timestamp":"2026-05-06T07:45:09.215Z"}
{"level":"info","message":{"actor_id":"69fa3f035210a3c8091cb4a0","actor_role":"system_admin","event":"PATIENT_LISTED","ip":"::1","results":61},"timestamp":"2026-05-06T07:45:34.405Z"}
{"level":"info","message":{"actor_id":"69fa3f035210a3c8091cb4a0","actor_role":"system_admin","event":"PATIENT_LISTED","ip":"::1","results":61},"timestamp":"2026-05-06T07:45:35.326Z"}
{"level":"info","message":{"actor_id":"69fa3f035210a3c8091cb4a0","actor_role":"system_admin","event":"PATIENT_LISTED","ip":"::1","results":50},"timestamp":"2026-05-06T07:45:36.766Z"}
{"level":"info","message":{"actor_id":"69fa3f035210a3c8091cb4a0","actor_role":"system_admin","event":"PATIENT_LISTED","ip":"::1","results":50},"timestamp":"2026-05-06T07:45:37.115Z"}
{"level":"info","message":{"actor_id":"69fa3f035210a3c8091cb4a0","actor_role":"system_admin","event":"PATIENT_VIEWED","ip":"::1","patient_id":"PAT-20260506-0061"},"timestamp":"2026-05-06T07:45:41.560Z"}
{"level":"info","message":{"actor_id":"69fa3f035210a3c8091cb4a0","actor_role":"system_admin","event":"PATIENT_VIEWED","ip":"::1","patient_id":"PAT-20260506-0061"},"timestamp":"2026-05-06T07:45:41.724Z"}
{"level":"info","message":{"actor_id":"69fa3f035210a3c8091cb4a0","actor_role":"system_admin","event":"PATIENT_LISTED","ip":"::1","results":50},"timestamp":"2026-05-06T07:45:42.865Z"}
{"level":"info","message":{"actor_id":"69fa3f035210a3c8091cb4a0","actor_role":"system_admin","event":"PATIENT_LISTED","ip":"::1","results":50},"timestamp":"2026-05-06T07:45:43.248Z"}
{"level":"info","message":{"actor_id":"69fa3f035210a3c8091cb4a0","actor_role":"system_admin","event":"PATIENT_VIEWED","ip":"::1","patient_id":"PAT-20260506-0059"},"timestamp":"2026-05-06T07:45:45.700Z"}
{"level":"info","message":{"actor_id":"69fa3f035210a3c8091cb4a0","actor_role":"system_admin","event":"PATIENT_VIEWED","ip":"::1","patient_id":"PAT-20260506-0059"},"timestamp":"2026-05-06T07:45:45.808Z"}
{"level":"info","message":{"actor_id":"69fa3f035210a3c8091cb4a0","actor_role":"system_admin","event":"PATIENT_VIEWED","ip":"::1","patient_id":"PAT-20260506-0059"},"timestamp":"2026-05-06T07:54:45.827Z"}
{"level":"info","message":{"actor_id":"69fa3f035210a3c8091cb4a0","actor_role":"system_admin","event":"PATIENT_VIEWED","ip":"::1","patient_id":"PAT-20260506-0059"},"timestamp":"2026-05-06T07:56:04.063Z"}
{"level":"info","message":{"actor_id":"69fa3f035210a3c8091cb4a0","actor_role":"system_admin","event":"PATIENT_LISTED","ip":"::1","results":61},"timestamp":"2026-05-06T07:57:18.511Z"}
{"level":"info","message":{"actor_id":"69fa3f035210a3c8091cb4a0","actor_role":"system_admin","event":"PATIENT_VIEWED","ip":"::1","patient_id":"PAT-20260506-0002"},"timestamp":"2026-05-06T07:57:38.818Z"}
{"level":"info","message":{"actor_id":"69fa3f035210a3c8091cb4a0","actor_role":"system_admin","event":"PATIENT_VIEWED","ip":"::1","patient_id":"PAT-20260506-0002"},"timestamp":"2026-05-06T07:57:38.954Z"}
{"level":"info","message":{"actor_id":"69fa3f035210a3c8091cb4a0","actor_role":"system_admin","event":"PATIENT_LISTED","ip":"::1","results":50},"timestamp":"2026-05-06T07:58:28.818Z"}
{"level":"info","message":{"actor_id":"69fa3f035210a3c8091cb4a0","actor_role":"system_admin","event":"PATIENT_LISTED","ip":"::1","results":50},"timestamp":"2026-05-06T07:58:29.258Z"}
{"level":"info","message":{"actor_id":"69fa3f035210a3c8091cb4a0","actor_role":"system_admin","event":"PATIENT_VIEWED","ip":"::1","patient_id":"PAT-20260506-0061"},"timestamp":"2026-05-06T07:58:32.583Z"}
{"level":"info","message":{"actor_id":"69fa3f035210a3c8091cb4a0","actor_role":"system_admin","event":"PATIENT_VIEWED","ip":"::1","patient_id":"PAT-20260506-0061"},"timestamp":"2026-05-06T07:58:32.787Z"}
{"level":"info","message":{"actor_id":"69fa3f035210a3c8091cb4a0","actor_role":"system_admin","event":"PATIENT_LISTED","ip":"::1","results":61},"timestamp":"2026-05-06T08:00:23.099Z"}
{"level":"info","message":{"actor_id":"69fa3f035210a3c8091cb4a0","actor_role":"system_admin","event":"PATIENT_LISTED","ip":"::1","results":61},"timestamp":"2026-05-06T08:00:29.629Z"}
{"level":"info","message":{"actor_id":"69fa3f035210a3c8091cb4a0","actor_role":"system_admin","event":"PATIENT_LISTED","ip":"::1","results":50},"timestamp":"2026-05-06T08:00:30.901Z"}
{"level":"info","message":{"actor_id":"69fa3f035210a3c8091cb4a0","actor_role":"system_admin","event":"PATIENT_LISTED","ip":"::1","results":50},"timestamp":"2026-05-06T08:00:31.238Z"}
{"level":"info","message":{"actor_id":"69fa3f035210a3c8091cb4a0","actor_role":"system_admin","event":"PATIENT_LISTED","ip":"::1","results":61},"timestamp":"2026-05-06T08:00:32.045Z"}
{"level":"info","message":{"actor_id":"69fa3f035210a3c8091cb4a0","actor_role":"system_admin","event":"PATIENT_LISTED","ip":"::1","results":50},"timestamp":"2026-05-06T08:01:06.114Z"}
{"level":"info","message":{"actor_id":"69fa3f035210a3c8091cb4a0","actor_role":"system_admin","event":"PATIENT_LISTED","ip":"::1","results":50},"timestamp":"2026-05-06T08:01:06.411Z"}
{"level":"info","message":{"actor_id":"69fa3f035210a3c8091cb4a0","actor_role":"system_admin","event":"PATIENT_LISTED","ip":"::1","results":61},"timestamp":"2026-05-06T08:02:32.425Z"}
{"level":"info","message":{"actor_id":"69fa3f035210a3c8091cb4a0","actor_role":"system_admin","event":"PATIENT_LISTED","ip":"::1","results":61},"timestamp":"2026-05-06T08:02:32.842Z"}
{"level":"info","message":{"actor_id":"69fa3f035210a3c8091cb4a0","actor_role":"system_admin","event":"PATIENT_LISTED","ip":"::1","results":61},"timestamp":"2026-05-06T08:09:52.562Z"}
{"level":"info","message":{"actor_id":"69fa3f035210a3c8091cb4a0","actor_role":"system_admin","event":"PATIENT_LISTED","ip":"::1","results":61},"timestamp":"2026-05-06T08:12:03.585Z"}
{"level":"info","message":{"actor_id":"69fa3f035210a3c8091cb4a0","actor_role":"system_admin","event":"PATIENT_LISTED","ip":"::1","results":61},"timestamp":"2026-05-06T08:13:03.474Z"}
{"level":"info","message":{"actor_id":"69fa3f035210a3c8091cb4a0","actor_role":"system_admin","event":"PATIENT_LISTED","ip":"::1","results":61},"timestamp":"2026-05-06T08:13:29.658Z"}
{"level":"info","message":{"actor_id":"69fa3f035210a3c8091cb4a0","actor_role":"system_admin","event":"PATIENT_LISTED","ip":"::1","results":61},"timestamp":"2026-05-06T08:13:30.453Z"}
{"level":"info","message":{"actor_id":"69fa3f035210a3c8091cb4a0","actor_role":"system_admin","event":"PATIENT_LISTED","ip":"::1","results":50},"timestamp":"2026-05-06T08:13:33.053Z"}
{"level":"info","message":{"actor_id":"69fa3f035210a3c8091cb4a0","actor_role":"system_admin","event":"PATIENT_LISTED","ip":"::1","results":50},"timestamp":"2026-05-06T08:13:33.444Z"}
{"level":"info","message":{"actor_id":"69fade16d85945701a0f5ace","actor_role":"patient","event":"PATIENT_VIEWED_SELF","ip":"::1","patient_id":"PAT-20260506-0002"},"timestamp":"2026-05-06T08:14:19.332Z"}
{"level":"info","message":{"actor_id":"69fade16d85945701a0f5ace","actor_role":"patient","event":"PATIENT_VIEWED_SELF","ip":"::1","patient_id":"PAT-20260506-0002"},"timestamp":"2026-05-06T08:14:19.449Z"}
{"level":"info","message":{"actor_id":"69fade16d85945701a0f5ace","actor_role":"patient","event":"PATIENT_VIEWED_SELF","ip":"::1","patient_id":"PAT-20260506-0002"},"timestamp":"2026-05-06T08:14:24.733Z"}
{"level":"info","message":{"actor_id":"69fade16d85945701a0f5ace","actor_role":"patient","event":"PATIENT_VIEWED_SELF","ip":"::1","patient_id":"PAT-20260506-0002"},"timestamp":"2026-05-06T08:14:24.862Z"}
{"level":"info","message":{"actor_id":"69fa3f035210a3c8091cb4a0","actor_role":"system_admin","event":"PATIENT_LISTED","ip":"::1","results":61},"timestamp":"2026-05-06T08:14:54.600Z"}
{"level":"info","message":{"actor_id":"69fa3f035210a3c8091cb4a0","actor_role":"system_admin","event":"PATIENT_LISTED","ip":"::1","results":61},"timestamp":"2026-05-06T08:14:55.019Z"}
{"level":"info","message":{"actor_id":"69fa3f035210a3c8091cb4a0","actor_role":"system_admin","event":"PATIENT_VIEWED","ip":"::1","patient_id":"PAT-20260506-0002"},"timestamp":"2026-05-06T08:15:12.410Z"}
{"level":"info","message":{"actor_id":"69fa3f035210a3c8091cb4a0","actor_role":"system_admin","event":"PATIENT_VIEWED","ip":"::1","patient_id":"PAT-20260506-0002"},"timestamp":"2026-05-06T08:15:12.495Z"}
{"level":"info","message":{"actor_id":"69fa3f035210a3c8091cb4a0","actor_role":"system_admin","event":"PATIENT_VIEWED","ip":"::1","patient_id":"PAT-20260506-0002"},"timestamp":"2026-05-06T08:17:59.840Z"}
{"level":"info","message":{"actor_id":"69fa3f035210a3c8091cb4a0","actor_role":"system_admin","event":"PATIENT_VIEWED","ip":"::1","patient_id":"PAT-20260506-0002"},"timestamp":"2026-05-06T08:18:00.009Z"}
{"level":"info","message":{"actor_id":"69fa3f035210a3c8091cb4a0","actor_role":"system_admin","event":"PATIENT_LISTED","ip":"::1","results":61},"timestamp":"2026-05-06T08:18:19.661Z"}
{"level":"info","message":{"actor_id":"69fa3f035210a3c8091cb4a0","actor_role":"system_admin","event":"PATIENT_LISTED","ip":"::1","results":61},"timestamp":"2026-05-06T08:18:19.972Z"}
{"level":"info","message":{"actor_id":"69fa3f035210a3c8091cb4a0","actor_role":"system_admin","event":"PATIENT_LISTED","ip":"::1","results":61},"timestamp":"2026-05-06T13:20:43.128Z"}
{"level":"info","message":{"actor_id":"69fa3f035210a3c8091cb4a0","actor_role":"system_admin","event":"PATIENT_LISTED","ip":"::1","results":61},"timestamp":"2026-05-06T13:20:43.230Z"}
{"level":"error","message":{"event":"PRESCRIPTION_INVENTORY_AUTH_MISSING","hasApiKey":false,"hasBearerToken":false,"url":"https://inventory.example.com/api/inventory"},"timestamp":"2026-05-06T13:26:08.131Z"}
{"level":"info","message":{"actor_id":"69fa3f035210a3c8091cb4a0","actor_role":"system_admin","event":"PATIENT_LISTED","ip":"::1","results":61},"timestamp":"2026-05-06T13:27:16.933Z"}
{"level":"info","message":{"actor_id":"69fa3f035210a3c8091cb4a0","actor_role":"system_admin","event":"PATIENT_LISTED","ip":"::1","results":61},"timestamp":"2026-05-06T13:27:40.869Z"}
{"level":"info","message":{"actor_id":"69fa3f035210a3c8091cb4a0","actor_role":"system_admin","event":"PATIENT_LISTED","ip":"::1","results":50},"timestamp":"2026-05-06T13:27:47.032Z"}
{"level":"info","message":{"actor_id":"69fa3f035210a3c8091cb4a0","actor_role":"system_admin","event":"PATIENT_LISTED","ip":"::1","results":50},"timestamp":"2026-05-06T13:27:47.402Z"}
{"level":"info","message":{"actor_id":"69fa3f035210a3c8091cb4a0","actor_role":"system_admin","event":"PATIENT_VIEWED","ip":"::1","patient_id":"PAT-20260506-0061"},"timestamp":"2026-05-06T13:27:49.584Z"}
{"level":"info","message":{"actor_id":"69fa3f035210a3c8091cb4a0","actor_role":"system_admin","event":"PATIENT_VIEWED","ip":"::1","patient_id":"PAT-20260506-0061"},"timestamp":"2026-05-06T13:27:49.666Z"}
{"level":"info","message":{"actor_id":"69fa3f035210a3c8091cb4a0","actor_role":"system_admin","event":"PATIENT_LISTED","ip":"::1","results":50},"timestamp":"2026-05-06T13:27:52.408Z"}
{"level":"info","message":{"actor_id":"69fa3f035210a3c8091cb4a0","actor_role":"system_admin","event":"PATIENT_LISTED","ip":"::1","results":50},"timestamp":"2026-05-06T13:27:52.707Z"}
{"level":"info","message":{"actor_id":"69fa3f035210a3c8091cb4a0","actor_role":"system_admin","event":"PATIENT_LISTED","ip":"::1","results":61},"timestamp":"2026-05-06T13:27:56.703Z"}
{"level":"info","message":{"actor_id":"69fa3f035210a3c8091cb4a0","actor_role":"system_admin","event":"PATIENT_LISTED","ip":"::1","results":61},"timestamp":"2026-05-06T13:27:57.021Z"}
{"level":"info","message":{"actor_id":"69fa3f035210a3c8091cb4a0","actor_role":"system_admin","event":"PATIENT_LISTED","ip":"::1","results":61},"timestamp":"2026-05-06T13:27:58.974Z"}
{"level":"info","message":{"actor_id":"69fa3f035210a3c8091cb4a0","actor_role":"system_admin","event":"PATIENT_LISTED","ip":"::1","results":50},"timestamp":"2026-05-06T13:28:02.613Z"}
{"level":"info","message":{"actor_id":"69fa3f035210a3c8091cb4a0","actor_role":"system_admin","event":"PATIENT_LISTED","ip":"::1","results":50},"timestamp":"2026-05-06T13:28:02.847Z"}
{"level":"info","message":{"actor_id":"69fa3f035210a3c8091cb4a0","actor_role":"system_admin","event":"PATIENT_LISTED","ip":"::1","results":61},"timestamp":"2026-05-06T13:28:40.536Z"}
{"level":"info","message":{"actor_id":"69fa3f035210a3c8091cb4a0","actor_role":"system_admin","event":"PATIENT_LISTED","ip":"::1","results":61},"timestamp":"2026-05-06T13:28:45.375Z"}
{"level":"info","message":{"actor_id":"69fa3f035210a3c8091cb4a0","actor_role":"system_admin","event":"PATIENT_LISTED","ip":"::1","results":50},"timestamp":"2026-05-06T13:28:46.546Z"}
{"level":"info","message":{"actor_id":"69fa3f035210a3c8091cb4a0","actor_role":"system_admin","event":"PATIENT_LISTED","ip":"::1","results":50},"timestamp":"2026-05-06T13:28:46.781Z"}
{"level":"info","message":{"actor_id":"69fa3f035210a3c8091cb4a0","actor_role":"system_admin","event":"PATIENT_VIEWED","ip":"::1","patient_id":"PAT-20260506-0061"},"timestamp":"2026-05-06T13:28:51.519Z"}
{"level":"info","message":{"actor_id":"69fa3f035210a3c8091cb4a0","actor_role":"system_admin","event":"PATIENT_VIEWED","ip":"::1","patient_id":"PAT-20260506-0061"},"timestamp":"2026-05-06T13:28:51.563Z"}
{"level":"info","message":{"actor_id":"69fa3f035210a3c8091cb4a0","actor_role":"system_admin","event":"PATIENT_VIEWED","ip":"::1","patient_id":"PAT-20260506-0061"},"timestamp":"2026-05-06T13:32:49.139Z"}
{"level":"info","message":{"actor_id":"69fa3f035210a3c8091cb4a0","actor_role":"system_admin","event":"PATIENT_LISTED","ip":"::1","results":50},"timestamp":"2026-05-06T13:33:09.233Z"}
{"level":"info","message":{"actor_id":"69fa3f035210a3c8091cb4a0","actor_role":"system_admin","event":"PATIENT_LISTED","ip":"::1","results":50},"timestamp":"2026-05-06T13:33:09.499Z"}
{"level":"info","message":{"actor_id":"69fa3f035210a3c8091cb4a0","actor_role":"system_admin","event":"PATIENT_VIEWED","ip":"::1","patient_id":"PAT-20260506-0061"},"timestamp":"2026-05-06T13:34:44.349Z"}
{"level":"info","message":{"actor_id":"69fa3f035210a3c8091cb4a0","actor_role":"system_admin","event":"PATIENT_LISTED","ip":"::1","results":61},"timestamp":"2026-05-06T13:34:56.405Z"}
{"level":"info","message":{"actor_id":"69fae9ba11392f8ee823f799","actor_role":"patient","event":"PATIENT_VIEWED_SELF","ip":"::1","patient_id":"PAT-20260506-0061"},"timestamp":"2026-05-06T13:35:30.510Z"}
{"level":"info","message":{"actor_id":"69fae9ba11392f8ee823f799","actor_role":"patient","event":"PATIENT_VIEWED_SELF","ip":"::1","patient_id":"PAT-20260506-0061"},"timestamp":"2026-05-06T13:35:30.614Z"}
{"level":"info","message":{"actor_id":"69fa3f035210a3c8091cb4a0","actor_role":"system_admin","event":"PATIENT_LISTED","ip":"::1","results":50},"timestamp":"2026-05-06T13:35:41.788Z"}
{"level":"info","message":{"actor_id":"69fa3f035210a3c8091cb4a0","actor_role":"system_admin","event":"PATIENT_LISTED","ip":"::1","results":50},"timestamp":"2026-05-06T13:35:42.305Z"}
{"level":"info","message":{"actor_id":"69fa3f035210a3c8091cb4a0","actor_role":"system_admin","event":"PATIENT_LISTED","ip":"::1","results":61},"timestamp":"2026-05-06T13:36:00.102Z"}
{"level":"info","message":{"actor_id":"69fa3f035210a3c8091cb4a0","actor_role":"system_admin","event":"PATIENT_LISTED","ip":"::1","results":61},"timestamp":"2026-05-06T13:36:04.689Z"}
{"level":"info","message":{"actor_id":"69fade16d85945701a0f5ace","actor_role":"patient","event":"PATIENT_VIEWED_SELF","ip":"::1","patient_id":"PAT-20260506-0002"},"timestamp":"2026-05-06T13:36:10.398Z"}
{"level":"info","message":{"actor_id":"69fade16d85945701a0f5ace","actor_role":"patient","event":"PATIENT_VIEWED_SELF","ip":"::1","patient_id":"PAT-20260506-0002"},"timestamp":"2026-05-06T13:36:10.806Z"}
{"level":"info","message":{"actor_id":"69fade16d85945701a0f5ace","actor_role":"patient","event":"PATIENT_VIEWED_SELF","ip":"::1","patient_id":"PAT-20260506-0002"},"timestamp":"2026-05-06T13:36:16.616Z"}
{"level":"info","message":{"actor_id":"69fade16d85945701a0f5ace","actor_role":"patient","event":"PATIENT_VIEWED_SELF","ip":"::1","patient_id":"PAT-20260506-0002"},"timestamp":"2026-05-06T13:36:16.693Z"}
{"level":"info","message":{"actor_id":"69fade16d85945701a0f5ace","actor_role":"patient","event":"PATIENT_VIEWED_SELF","ip":"::1","patient_id":"PAT-20260506-0002"},"timestamp":"2026-05-06T13:36:25.459Z"}
{"level":"info","message":{"actor_id":"69fade16d85945701a0f5ace","actor_role":"patient","event":"PATIENT_VIEWED_SELF","ip":"::1","patient_id":"PAT-20260506-0002"},"timestamp":"2026-05-06T13:36:25.536Z"}
{"level":"info","message":{"actor_id":"69fade16d85945701a0f5ace","actor_role":"patient","event":"PATIENT_VIEWED_SELF","ip":"::1","patient_id":"PAT-20260506-0002"},"timestamp":"2026-05-06T13:36:26.552Z"}
{"level":"info","message":{"actor_id":"69fade16d85945701a0f5ace","actor_role":"patient","event":"PATIENT_VIEWED_SELF","ip":"::1","patient_id":"PAT-20260506-0002"},"timestamp":"2026-05-06T13:36:26.636Z"}
{"level":"info","message":{"actor_id":"69fade16d85945701a0f5ace","actor_role":"patient","event":"PATIENT_VIEWED_SELF","ip":"::1","patient_id":"PAT-20260506-0002"},"timestamp":"2026-05-06T13:36:29.946Z"}
{"level":"info","message":{"actor_id":"69fade16d85945701a0f5ace","actor_role":"patient","event":"PATIENT_VIEWED_SELF","ip":"::1","patient_id":"PAT-20260506-0002"},"timestamp":"2026-05-06T13:36:30.023Z"}
{"level":"info","message":{"actor_id":"69fade16d85945701a0f5ace","actor_role":"patient","event":"PATIENT_VIEWED_SELF","ip":"::1","patient_id":"PAT-20260506-0002"},"timestamp":"2026-05-06T13:36:34.780Z"}
{"level":"info","message":{"actor_id":"69fade16d85945701a0f5ace","actor_role":"patient","event":"PATIENT_VIEWED_SELF","ip":"::1","patient_id":"PAT-20260506-0002"},"timestamp":"2026-05-06T13:36:34.857Z"}
{"level":"info","message":{"actor_id":"69fade16d85945701a0f5ace","actor_role":"patient","event":"PATIENT_VIEWED_SELF","ip":"::1","patient_id":"PAT-20260506-0002"},"timestamp":"2026-05-06T13:37:29.001Z"}
{"level":"info","message":{"actor_id":"69fade16d85945701a0f5ace","actor_role":"patient","event":"PATIENT_VIEWED_SELF","ip":"::1","patient_id":"PAT-20260506-0002"},"timestamp":"2026-05-06T13:37:29.075Z"}
{"level":"info","message":{"actor_id":"69fade16d85945701a0f5ace","actor_role":"patient","event":"PATIENT_VIEWED_SELF","ip":"::1","patient_id":"PAT-20260506-0002"},"timestamp":"2026-05-06T14:02:56.443Z"}
{"level":"info","message":{"actor_id":"69fade16d85945701a0f5ace","actor_role":"patient","event":"PATIENT_VIEWED_SELF","ip":"::1","patient_id":"PAT-20260506-0002"},"timestamp":"2026-05-06T14:02:56.501Z"}
{"level":"info","message":{"actor_id":"69fade16d85945701a0f5ace","actor_role":"patient","event":"PATIENT_VIEWED_SELF","ip":"::1","patient_id":"PAT-20260506-0002"},"timestamp":"2026-05-06T14:02:58.494Z"}
{"level":"info","message":{"actor_id":"69fade16d85945701a0f5ace","actor_role":"patient","event":"PATIENT_VIEWED_SELF","ip":"::1","patient_id":"PAT-20260506-0002"},"timestamp":"2026-05-06T14:02:58.551Z"}
{"level":"info","message":{"actor_id":"69fade16d85945701a0f5ace","actor_role":"patient","event":"PATIENT_VIEWED_SELF","ip":"::1","patient_id":"PAT-20260506-0002"},"timestamp":"2026-05-06T14:02:59.365Z"}
{"level":"info","message":{"actor_id":"69fade16d85945701a0f5ace","actor_role":"patient","event":"PATIENT_VIEWED_SELF","ip":"::1","patient_id":"PAT-20260506-0002"},"timestamp":"2026-05-06T14:02:59.463Z"}
{"level":"info","message":{"actor_id":"69fade16d85945701a0f5ace","actor_role":"patient","event":"PATIENT_VIEWED_SELF","ip":"::1","patient_id":"PAT-20260506-0002"},"timestamp":"2026-05-06T14:03:03.642Z"}
{"level":"info","message":{"actor_id":"69fade16d85945701a0f5ace","actor_role":"patient","event":"PATIENT_VIEWED_SELF","ip":"::1","patient_id":"PAT-20260506-0002"},"timestamp":"2026-05-06T14:03:03.698Z"}
{"level":"info","message":{"actor_id":"69fade16d85945701a0f5ace","actor_role":"patient","event":"PATIENT_VIEWED_SELF","ip":"::1","patient_id":"PAT-20260506-0002"},"timestamp":"2026-05-06T14:03:04.269Z"}
{"level":"info","message":{"actor_id":"69fade16d85945701a0f5ace","actor_role":"patient","event":"PATIENT_VIEWED_SELF","ip":"::1","patient_id":"PAT-20260506-0002"},"timestamp":"2026-05-06T14:03:04.326Z"}
{"level":"info","message":{"actor_id":"69fade16d85945701a0f5ace","actor_role":"patient","event":"PATIENT_VIEWED_SELF","ip":"::1","patient_id":"PAT-20260506-0002"},"timestamp":"2026-05-06T14:03:05.234Z"}
{"level":"info","message":{"actor_id":"69fade16d85945701a0f5ace","actor_role":"patient","event":"PATIENT_VIEWED_SELF","ip":"::1","patient_id":"PAT-20260506-0002"},"timestamp":"2026-05-06T14:03:05.312Z"}
{"level":"info","message":{"actor_id":"69fade16d85945701a0f5ace","actor_role":"patient","event":"PATIENT_VIEWED_SELF","ip":"::1","patient_id":"PAT-20260506-0002"},"timestamp":"2026-05-06T14:16:30.292Z"}
{"level":"info","message":{"actor_id":"69fade16d85945701a0f5ace","actor_role":"patient","event":"PATIENT_VIEWED_SELF","ip":"::1","patient_id":"PAT-20260506-0002"},"timestamp":"2026-05-06T14:16:30.375Z"}
{"level":"info","message":{"actor_id":"69fade16d85945701a0f5ace","actor_role":"patient","event":"PATIENT_VIEWED_SELF","ip":"::1","patient_id":"PAT-20260506-0002"},"timestamp":"2026-05-06T14:16:31.790Z"}
{"level":"info","message":{"actor_id":"69fade16d85945701a0f5ace","actor_role":"patient","event":"PATIENT_VIEWED_SELF","ip":"::1","patient_id":"PAT-20260506-0002"},"timestamp":"2026-05-06T14:16:31.850Z"}
{"level":"info","message":{"actor_id":"69fade16d85945701a0f5ace","actor_role":"patient","event":"PATIENT_VIEWED_SELF","ip":"::1","patient_id":"PAT-20260506-0002"},"timestamp":"2026-05-06T14:16:32.349Z"}
{"level":"info","message":{"actor_id":"69fade16d85945701a0f5ace","actor_role":"patient","event":"PATIENT_VIEWED_SELF","ip":"::1","patient_id":"PAT-20260506-0002"},"timestamp":"2026-05-06T14:16:32.411Z"}
{"level":"info","message":{"actor_id":"69fade16d85945701a0f5ace","actor_role":"patient","event":"PATIENT_VIEWED_SELF","ip":"::1","patient_id":"PAT-20260506-0002"},"timestamp":"2026-05-06T14:16:34.616Z"}
{"level":"info","message":{"actor_id":"69fade16d85945701a0f5ace","actor_role":"patient","event":"PATIENT_VIEWED_SELF","ip":"::1","patient_id":"PAT-20260506-0002"},"timestamp":"2026-05-06T14:16:34.673Z"}
{"level":"info","message":{"actor_id":"69fade16d85945701a0f5ace","actor_role":"patient","event":"PATIENT_VIEWED_SELF","ip":"::1","patient_id":"PAT-20260506-0002"},"timestamp":"2026-05-06T14:16:35.202Z"}
{"level":"info","message":{"actor_id":"69fade16d85945701a0f5ace","actor_role":"patient","event":"PATIENT_VIEWED_SELF","ip":"::1","patient_id":"PAT-20260506-0002"},"timestamp":"2026-05-06T14:16:35.269Z"}
{"level":"info","message":{"actor_id":"69fade16d85945701a0f5ace","actor_role":"patient","event":"PATIENT_VIEWED_SELF","ip":"::1","patient_id":"PAT-20260506-0002"},"timestamp":"2026-05-06T14:16:36.140Z"}
{"level":"info","message":{"actor_id":"69fade16d85945701a0f5ace","actor_role":"patient","event":"PATIENT_VIEWED_SELF","ip":"::1","patient_id":"PAT-20260506-0002"},"timestamp":"2026-05-06T14:16:36.197Z"}
{"level":"info","message":{"actor_id":"69fade16d85945701a0f5ace","actor_role":"patient","event":"PATIENT_VIEWED_SELF","ip":"::1","patient_id":"PAT-20260506-0002"},"timestamp":"2026-05-06T14:16:40.144Z"}
{"level":"info","message":{"actor_id":"69fade16d85945701a0f5ace","actor_role":"patient","event":"PATIENT_VIEWED_SELF","ip":"::1","patient_id":"PAT-20260506-0002"},"timestamp":"2026-05-06T14:16:40.183Z"}
{"level":"info","message":{"actor_id":"69fade16d85945701a0f5ace","actor_role":"patient","event":"PATIENT_VIEWED_SELF","ip":"::1","patient_id":"PAT-20260506-0002"},"timestamp":"2026-05-06T14:16:41.162Z"}
{"level":"info","message":{"actor_id":"69fade16d85945701a0f5ace","actor_role":"patient","event":"PATIENT_VIEWED_SELF","ip":"::1","patient_id":"PAT-20260506-0002"},"timestamp":"2026-05-06T14:16:41.196Z"}
{"level":"info","message":{"actor_id":"69fade16d85945701a0f5ace","actor_role":"patient","event":"PATIENT_VIEWED_SELF","ip":"::1","patient_id":"PAT-20260506-0002"},"timestamp":"2026-05-06T14:16:41.828Z"}
{"level":"info","message":{"actor_id":"69fade16d85945701a0f5ace","actor_role":"patient","event":"PATIENT_VIEWED_SELF","ip":"::1","patient_id":"PAT-20260506-0002"},"timestamp":"2026-05-06T14:16:41.906Z"}
{"level":"info","message":{"actor_id":"69fade16d85945701a0f5ace","actor_role":"patient","event":"PATIENT_VIEWED_SELF","ip":"::1","patient_id":"PAT-20260506-0002"},"timestamp":"2026-05-06T14:20:23.392Z"}
{"level":"info","message":{"actor_id":"69fade16d85945701a0f5ace","actor_role":"patient","event":"PATIENT_VIEWED_SELF","ip":"::1","patient_id":"PAT-20260506-0002"},"timestamp":"2026-05-06T14:20:23.474Z"}
{"level":"info","message":{"actor_id":"69fade16d85945701a0f5ace","actor_role":"patient","event":"PATIENT_VIEWED_SELF","ip":"::1","patient_id":"PAT-20260506-0002"},"timestamp":"2026-05-06T14:20:24.415Z"}
{"level":"info","message":{"actor_id":"69fade16d85945701a0f5ace","actor_role":"patient","event":"PATIENT_VIEWED_SELF","ip":"::1","patient_id":"PAT-20260506-0002"},"timestamp":"2026-05-06T14:20:24.472Z"}
{"level":"info","message":{"actor_id":"69fade16d85945701a0f5ace","actor_role":"patient","event":"PATIENT_VIEWED_SELF","ip":"::1","patient_id":"PAT-20260506-0002"},"timestamp":"2026-05-06T14:20:25.461Z"}
{"level":"info","message":{"actor_id":"69fade16d85945701a0f5ace","actor_role":"patient","event":"PATIENT_VIEWED_SELF","ip":"::1","patient_id":"PAT-20260506-0002"},"timestamp":"2026-05-06T14:20:25.536Z"}
{"level":"info","message":{"actor_id":"69fade16d85945701a0f5ace","actor_role":"patient","event":"PATIENT_VIEWED_SELF","ip":"::1","patient_id":"PAT-20260506-0002"},"timestamp":"2026-05-06T14:20:36.681Z"}
{"level":"info","message":{"actor_id":"69fade16d85945701a0f5ace","actor_role":"patient","event":"PATIENT_VIEWED_SELF","ip":"::1","patient_id":"PAT-20260506-0002"},"timestamp":"2026-05-06T14:20:36.741Z"}
{"level":"info","message":{"actor_id":"69fade16d85945701a0f5ace","actor_role":"patient","event":"PATIENT_VIEWED_SELF","ip":"::1","patient_id":"PAT-20260506-0002"},"timestamp":"2026-05-06T14:20:37.596Z"}
{"level":"info","message":{"actor_id":"69fade16d85945701a0f5ace","actor_role":"patient","event":"PATIENT_VIEWED_SELF","ip":"::1","patient_id":"PAT-20260506-0002"},"timestamp":"2026-05-06T14:20:37.653Z"}
{"level":"info","message":{"actor_id":"69fade16d85945701a0f5ace","actor_role":"patient","event":"PATIENT_VIEWED_SELF","ip":"::1","patient_id":"PAT-20260506-0002"},"timestamp":"2026-05-06T14:21:56.618Z"}
{"level":"info","message":{"actor_id":"69fade16d85945701a0f5ace","actor_role":"patient","event":"PATIENT_VIEWED_SELF","ip":"::1","patient_id":"PAT-20260506-0002"},"timestamp":"2026-05-06T14:21:56.675Z"}
{"level":"info","message":{"actor_id":"69fade16d85945701a0f5ace","actor_role":"patient","event":"PATIENT_VIEWED_SELF","ip":"::1","patient_id":"PAT-20260506-0002"},"timestamp":"2026-05-06T14:21:57.344Z"}
{"level":"info","message":{"actor_id":"69fade16d85945701a0f5ace","actor_role":"patient","event":"PATIENT_VIEWED_SELF","ip":"::1","patient_id":"PAT-20260506-0002"},"timestamp":"2026-05-06T14:21:57.398Z"}
{"level":"info","message":{"actor_id":"69fa3f035210a3c8091cb4a0","actor_role":"system_admin","event":"PATIENT_LISTED","ip":"::1","results":61},"timestamp":"2026-05-06T14:42:48.825Z"}
{"level":"info","message":{"actor_id":"69fa3f035210a3c8091cb4a0","actor_role":"system_admin","event":"PATIENT_LISTED","ip":"::1","results":61},"timestamp":"2026-05-06T14:42:49.107Z"}
{"level":"info","message":{"actor_id":"69fa3f035210a3c8091cb4a0","actor_role":"system_admin","event":"PATIENT_LISTED","ip":"::1","results":61},"timestamp":"2026-05-06T14:42:56.455Z"}
{"level":"info","message":{"actor_id":"69fa3f035210a3c8091cb4a0","actor_role":"system_admin","event":"PATIENT_LISTED","ip":"::1","results":61},"timestamp":"2026-05-06T14:43:00.737Z"}
{"level":"info","message":{"actor_id":"69fa3f035210a3c8091cb4a0","actor_role":"system_admin","event":"PATIENT_LISTED","ip":"::1","results":61},"timestamp":"2026-05-06T14:43:00.921Z"}
{"level":"info","message":{"actor_id":"69fa3f035210a3c8091cb4a0","actor_role":"system_admin","event":"PATIENT_LISTED","ip":"::1","results":61},"timestamp":"2026-05-06T14:45:07.082Z"}
{"level":"info","message":{"actor_id":"69fa3f035210a3c8091cb4a0","actor_role":"system_admin","event":"PATIENT_LISTED","ip":"::1","results":61},"timestamp":"2026-05-06T14:45:07.170Z"}
{"level":"info","message":{"actor_id":"69fa3f035210a3c8091cb4a0","actor_role":"system_admin","event":"PATIENT_LISTED","ip":"::1","results":61},"timestamp":"2026-05-06T14:46:22.077Z"}
{"level":"info","message":{"actor_id":"69fa3f035210a3c8091cb4a0","actor_role":"system_admin","event":"PATIENT_LISTED","ip":"::1","results":50},"timestamp":"2026-05-06T14:46:23.267Z"}
{"level":"info","message":{"actor_id":"69fa3f035210a3c8091cb4a0","actor_role":"system_admin","event":"PATIENT_LISTED","ip":"::1","results":50},"timestamp":"2026-05-06T14:46:23.498Z"}
{"level":"info","message":{"actor_id":"69fa3f035210a3c8091cb4a0","actor_role":"system_admin","event":"PATIENT_LISTED","ip":"::1","results":61},"timestamp":"2026-05-06T14:46:24.267Z"}
{"level":"info","message":{"actor_id":"69fa3f035210a3c8091cb4a0","actor_role":"system_admin","event":"PATIENT_LISTED","ip":"::1","results":61},"timestamp":"2026-05-06T14:46:24.843Z"}
{"level":"info","message":{"actor_id":"69fa3f035210a3c8091cb4a0","actor_role":"system_admin","event":"PATIENT_LISTED","ip":"::1","results":61},"timestamp":"2026-05-06T14:46:40.552Z"}
{"level":"info","message":{"actor_id":"69fa3f035210a3c8091cb4a0","actor_role":"system_admin","event":"PATIENT_LISTED","ip":"::1","results":50},"timestamp":"2026-05-06T14:46:42.181Z"}
{"level":"info","message":{"actor_id":"69fa3f035210a3c8091cb4a0","actor_role":"system_admin","event":"PATIENT_LISTED","ip":"::1","results":50},"timestamp":"2026-05-06T14:46:42.345Z"}
{"level":"info","message":{"actor_id":"69fa3f035210a3c8091cb4a0","actor_role":"system_admin","event":"PATIENT_LISTED","ip":"::1","results":61},"timestamp":"2026-05-06T14:46:43.203Z"}
{"level":"info","message":{"actor_id":"69fa3f035210a3c8091cb4a0","actor_role":"system_admin","event":"PATIENT_LISTED","ip":"::1","results":61},"timestamp":"2026-05-06T14:46:44.679Z"}
{"level":"info","message":{"actor_id":"69fa3f035210a3c8091cb4a0","actor_role":"system_admin","event":"PATIENT_LISTED","ip":"::1","results":61},"timestamp":"2026-05-06T14:49:51.634Z"}
{"level":"info","message":{"actor_id":"69fa3f035210a3c8091cb4a0","actor_role":"system_admin","event":"PATIENT_LISTED","ip":"::1","results":61},"timestamp":"2026-05-06T14:49:59.353Z"}
{"level":"info","message":{"actor_id":"69fa3f035210a3c8091cb4a0","actor_role":"system_admin","event":"PATIENT_LISTED","ip":"::1","results":61},"timestamp":"2026-05-06T14:50:24.840Z"}
{"level":"info","message":{"actor_id":"69fa3f035210a3c8091cb4a0","actor_role":"system_admin","event":"PATIENT_LISTED","ip":"::1","results":61},"timestamp":"2026-05-06T14:50:47.838Z"}
{"level":"info","message":{"actor_id":"69fa3f035210a3c8091cb4a0","actor_role":"system_admin","event":"PATIENT_LISTED","ip":"::1","results":61},"timestamp":"2026-05-06T14:51:18.840Z"}
{"level":"info","message":{"actor_id":"69fa3f035210a3c8091cb4a0","actor_role":"system_admin","event":"PATIENT_LISTED","ip":"::1","results":61},"timestamp":"2026-05-06T14:51:51.811Z"}
{"level":"info","message":{"actor_id":"69fa3f035210a3c8091cb4a0","actor_role":"system_admin","event":"PATIENT_LISTED","ip":"::1","results":61},"timestamp":"2026-05-06T14:51:52.075Z"}
{"level":"info","message":{"actor_id":"actor-1","actor_role":"system_admin","appointment_id":"APT-moucdpmv-GJCHSH","event":"APPOINTMENT_CREATED","patient_id":"PAT-001"},"timestamp":"2026-05-06T17:39:26.623Z"}
{"level":"info","message":{"actor_id":"actor-1","actor_role":"system_admin","appointment_id":"APT-moucef2i-TH1TJ9","event":"APPOINTMENT_CREATED","patient_id":"PAT-001"},"timestamp":"2026-05-06T17:39:59.569Z"}
{"level":"info","message":{"event":"PREDICTIVE_CARE_CRON_START"},"timestamp":"2026-05-06T18:00:00.080Z"}
{"level":"info","message":{"event":"PREDICTIVE_CARE_CRON_DONE"},"timestamp":"2026-05-06T18:03:39.944Z"}
{"level":"info","message":{"actor_id":"69fa3f035210a3c8091cb4a0","actor_role":"system_admin","event":"PATIENT_LISTED","ip":"::1","results":61},"timestamp":"2026-05-07T20:06:04.493Z"}
{"level":"info","message":{"actor_id":"69fa3f035210a3c8091cb4a0","actor_role":"system_admin","event":"PATIENT_LISTED","ip":"::1","results":61},"timestamp":"2026-05-07T20:06:05.218Z"}
{"level":"info","message":{"actor_id":"69fa3f035210a3c8091cb4a0","actor_role":"system_admin","event":"PATIENT_LISTED","ip":"::1","results":61},"timestamp":"2026-05-07T20:09:16.657Z"}
{"level":"info","message":{"actor_id":"69fa3f035210a3c8091cb4a0","actor_role":"system_admin","event":"PATIENT_LISTED","ip":"::1","results":61},"timestamp":"2026-05-07T20:09:37.143Z"}
{"level":"info","message":{"actor_id":"69fa3f035210a3c8091cb4a0","actor_role":"system_admin","event":"PATIENT_LISTED","ip":"::1","results":61},"timestamp":"2026-05-07T20:14:54.947Z"}
{"level":"info","message":{"actor_id":"69fa3f035210a3c8091cb4a0","actor_role":"system_admin","event":"PATIENT_LISTED","ip":"::1","results":61},"timestamp":"2026-05-07T20:19:21.448Z"}
{"level":"info","message":{"actor_id":"69fa3f035210a3c8091cb4a0","actor_role":"system_admin","event":"PATIENT_LISTED","ip":"::1","results":61},"timestamp":"2026-05-07T20:19:22.023Z"}
{"level":"info","message":{"actor_id":"69fa3f035210a3c8091cb4a0","actor_role":"system_admin","event":"PATIENT_LISTED","ip":"::1","results":61},"timestamp":"2026-05-07T20:23:41.851Z"}
{"level":"info","message":{"actor_id":"69fa3f035210a3c8091cb4a0","actor_role":"system_admin","event":"PATIENT_LISTED","ip":"::1","results":61},"timestamp":"2026-05-07T20:24:09.873Z"}
{"level":"info","message":{"actor_id":"69fa3f035210a3c8091cb4a0","actor_role":"system_admin","event":"PATIENT_LISTED","ip":"::1","results":50},"timestamp":"2026-05-07T20:24:10.824Z"}
{"level":"info","message":{"actor_id":"69fa3f035210a3c8091cb4a0","actor_role":"system_admin","event":"PATIENT_LISTED","ip":"::1","results":50},"timestamp":"2026-05-07T20:24:10.960Z"}
{"level":"info","message":{"actor_id":"69fa3f035210a3c8091cb4a0","actor_role":"system_admin","event":"PATIENT_LISTED","ip":"::1","results":61},"timestamp":"2026-05-07T20:24:11.742Z"}
{"level":"info","message":{"actor_id":"69fa3f035210a3c8091cb4a0","actor_role":"system_admin","event":"PATIENT_LISTED","ip":"::1","results":61},"timestamp":"2026-05-07T20:24:13.289Z"}
{"level":"info","message":{"actor_id":"69fa3f035210a3c8091cb4a0","actor_role":"system_admin","event":"PATIENT_LISTED","ip":"::1","results":61},"timestamp":"2026-05-07T20:24:28.366Z"}
{"level":"info","message":{"actor_id":"69fa3f035210a3c8091cb4a0","actor_role":"system_admin","event":"PATIENT_LISTED","ip":"::1","results":50},"timestamp":"2026-05-07T20:24:46.593Z"}
{"level":"info","message":{"actor_id":"69fa3f035210a3c8091cb4a0","actor_role":"system_admin","event":"PATIENT_LISTED","ip":"::1","results":50},"timestamp":"2026-05-07T20:24:46.802Z"}
{"level":"info","message":{"actor_id":"69fa3f035210a3c8091cb4a0","actor_role":"system_admin","event":"PATIENT_LISTED","ip":"::1","results":61},"timestamp":"2026-05-07T20:24:50.748Z"}
{"level":"info","message":{"actor_id":"69fa3f035210a3c8091cb4a0","actor_role":"system_admin","event":"PATIENT_LISTED","ip":"::1","results":61},"timestamp":"2026-05-07T20:24:57.370Z"}
{"level":"info","message":{"actor_id":"69fa3f035210a3c8091cb4a0","actor_role":"system_admin","event":"PATIENT_LISTED","ip":"::1","results":50},"timestamp":"2026-05-07T20:24:57.828Z"}
{"level":"info","message":{"actor_id":"69fa3f035210a3c8091cb4a0","actor_role":"system_admin","event":"PATIENT_LISTED","ip":"::1","results":50},"timestamp":"2026-05-07T20:24:58.031Z"}
{"level":"info","message":{"actor_id":"69fa3f035210a3c8091cb4a0","actor_role":"system_admin","event":"PATIENT_LISTED","ip":"::1","results":61},"timestamp":"2026-05-07T20:24:58.322Z"}
{"level":"info","message":{"actor_id":"69fa3f035210a3c8091cb4a0","actor_role":"system_admin","event":"PATIENT_LISTED","ip":"::1","results":61},"timestamp":"2026-05-07T20:24:59.216Z"}
{"level":"info","message":{"actor_id":"69fa3f035210a3c8091cb4a0","actor_role":"system_admin","event":"PATIENT_LISTED","ip":"::1","results":61},"timestamp":"2026-05-07T20:29:47.583Z"}
{"level":"info","message":{"actor_id":"69fa3f035210a3c8091cb4a0","actor_role":"system_admin","event":"PATIENT_LISTED","ip":"::1","results":61},"timestamp":"2026-05-07T20:29:53.757Z"}
{"level":"info","message":{"actor_id":"69fa3f035210a3c8091cb4a0","actor_role":"system_admin","event":"PATIENT_LISTED","ip":"::1","results":61},"timestamp":"2026-05-07T20:30:05.260Z"}
{"level":"info","message":{"actor_id":"69fa3f035210a3c8091cb4a0","actor_role":"system_admin","event":"PATIENT_LISTED","ip":"::1","results":50},"timestamp":"2026-05-07T20:30:27.092Z"}
{"level":"info","message":{"actor_id":"69fa3f035210a3c8091cb4a0","actor_role":"system_admin","event":"PATIENT_LISTED","ip":"::1","results":50},"timestamp":"2026-05-07T20:30:27.306Z"}
{"level":"info","message":{"actor_id":"69fa3f035210a3c8091cb4a0","actor_role":"system_admin","event":"PATIENT_LISTED","ip":"::1","results":50},"timestamp":"2026-05-07T20:30:27.416Z"}
{"level":"info","message":{"actor_id":"69fa3f035210a3c8091cb4a0","actor_role":"system_admin","event":"PATIENT_LISTED","ip":"::1","results":50},"timestamp":"2026-05-07T20:30:27.505Z"}
{"level":"info","message":{"actor_id":"69fa3f035210a3c8091cb4a0","actor_role":"system_admin","event":"PATIENT_LISTED","ip":"::1","results":50},"timestamp":"2026-05-07T20:31:30.436Z"}
{"level":"info","message":{"actor_id":"69fa3f035210a3c8091cb4a0","actor_role":"system_admin","event":"PATIENT_LISTED","ip":"::1","results":50},"timestamp":"2026-05-07T20:31:30.683Z"}
{"level":"info","message":{"actor_id":"69fa3f035210a3c8091cb4a0","actor_role":"system_admin","event":"PATIENT_LISTED","ip":"::1","results":50},"timestamp":"2026-05-07T20:32:12.749Z"}
{"level":"info","message":{"actor_id":"69fa3f035210a3c8091cb4a0","actor_role":"system_admin","event":"PATIENT_LISTED","ip":"::1","results":50},"timestamp":"2026-05-07T20:32:12.991Z"}
{"level":"info","message":{"actor_id":"69fa3f035210a3c8091cb4a0","actor_role":"system_admin","event":"PATIENT_LISTED","ip":"::1","results":50},"timestamp":"2026-05-07T20:33:49.907Z"}
{"level":"info","message":{"actor_id":"69fa3f035210a3c8091cb4a0","actor_role":"system_admin","event":"PATIENT_LISTED","ip":"::1","results":50},"timestamp":"2026-05-07T20:33:50.216Z"}
{"level":"info","message":{"actor_id":"69fa3f035210a3c8091cb4a0","actor_role":"system_admin","event":"PATIENT_LISTED","ip":"::1","results":61},"timestamp":"2026-05-07T20:33:59.849Z"}
{"level":"info","message":{"actor_id":"69fa3f035210a3c8091cb4a0","actor_role":"system_admin","event":"PATIENT_LISTED","ip":"::1","results":61},"timestamp":"2026-05-07T20:34:00.150Z"}
{"level":"info","message":{"actor_id":"69fa3f035210a3c8091cb4a0","actor_role":"system_admin","event":"PATIENT_LISTED","ip":"::1","results":61},"timestamp":"2026-05-07T20:34:03.324Z"}
{"level":"info","message":{"actor_id":"69fa3f035210a3c8091cb4a0","actor_role":"system_admin","event":"PATIENT_LISTED","ip":"::1","results":61},"timestamp":"2026-05-07T20:34:03.605Z"}
{"level":"info","message":{"actor_id":"69fa3f035210a3c8091cb4a0","actor_role":"system_admin","event":"PATIENT_LISTED","ip":"::1","results":50},"timestamp":"2026-05-07T20:34:05.151Z"}
{"level":"info","message":{"actor_id":"69fa3f035210a3c8091cb4a0","actor_role":"system_admin","event":"PATIENT_LISTED","ip":"::1","results":50},"timestamp":"2026-05-07T20:34:05.445Z"}
{"level":"info","message":{"actor_id":"69fa3f035210a3c8091cb4a0","actor_role":"system_admin","event":"PATIENT_LISTED","ip":"::1","results":50},"timestamp":"2026-05-07T20:34:05.642Z"}
{"level":"info","message":{"actor_id":"69fa3f035210a3c8091cb4a0","actor_role":"system_admin","event":"PATIENT_LISTED","ip":"::1","results":50},"timestamp":"2026-05-07T20:34:05.788Z"}
{"level":"info","message":{"actor_id":"69fa3f035210a3c8091cb4a0","actor_role":"system_admin","event":"PATIENT_VIEWED","ip":"::1","patient_id":"PAT-20260506-0058"},"timestamp":"2026-05-07T20:34:07.802Z"}
{"level":"info","message":{"actor_id":"69fa3f035210a3c8091cb4a0","actor_role":"system_admin","event":"PATIENT_VIEWED","ip":"::1","patient_id":"PAT-20260506-0058"},"timestamp":"2026-05-07T20:34:07.972Z"}
{"level":"info","message":{"actor_id":"69fa3f035210a3c8091cb4a0","actor_role":"system_admin","event":"PATIENT_LISTED","ip":"::1","results":61},"timestamp":"2026-05-07T20:34:32.293Z"}
{"level":"info","message":{"actor_id":"69fa3f035210a3c8091cb4a0","actor_role":"system_admin","event":"PATIENT_LISTED","ip":"::1","results":61},"timestamp":"2026-05-07T20:34:32.472Z"}
{"level":"info","message":{"actor_id":"69fa3f035210a3c8091cb4a0","actor_role":"system_admin","event":"PATIENT_LISTED","ip":"::1","results":61},"timestamp":"2026-05-07T20:34:34.813Z"}
{"level":"info","message":{"actor_id":"69fa3f035210a3c8091cb4a0","actor_role":"system_admin","event":"PATIENT_LISTED","ip":"::1","results":61},"timestamp":"2026-05-07T20:34:35.096Z"}
{"level":"info","message":{"actor_id":"69fa3f035210a3c8091cb4a0","actor_role":"system_admin","event":"PATIENT_LISTED","ip":"::1","results":50},"timestamp":"2026-05-07T20:34:35.685Z"}
{"level":"info","message":{"actor_id":"69fa3f035210a3c8091cb4a0","actor_role":"system_admin","event":"PATIENT_LISTED","ip":"::1","results":50},"timestamp":"2026-05-07T20:34:35.817Z"}
{"level":"info","message":{"actor_id":"69fa3f035210a3c8091cb4a0","actor_role":"system_admin","event":"PATIENT_LISTED","ip":"::1","results":50},"timestamp":"2026-05-07T20:34:35.950Z"}
{"level":"info","message":{"actor_id":"69fa3f035210a3c8091cb4a0","actor_role":"system_admin","event":"PATIENT_LISTED","ip":"::1","results":50},"timestamp":"2026-05-07T20:34:36.084Z"}
{"level":"info","message":{"actor_id":"69fa3f035210a3c8091cb4a0","actor_role":"system_admin","event":"PATIENT_LISTED","ip":"::1","results":61},"timestamp":"2026-05-07T20:34:36.655Z"}
{"level":"info","message":{"actor_id":"69fa3f035210a3c8091cb4a0","actor_role":"system_admin","event":"PATIENT_LISTED","ip":"::1","results":61},"timestamp":"2026-05-07T20:34:36.974Z"}
{"level":"info","message":{"actor_id":"69fa3f035210a3c8091cb4a0","actor_role":"system_admin","event":"PATIENT_LISTED","ip":"::1","results":61},"timestamp":"2026-05-07T20:34:37.669Z"}
{"level":"info","message":{"actor_id":"69fa3f035210a3c8091cb4a0","actor_role":"system_admin","event":"PATIENT_LISTED","ip":"::1","results":61},"timestamp":"2026-05-07T20:34:37.841Z"}
{"level":"info","message":{"actor_id":"69fa3f035210a3c8091cb4a0","actor_role":"system_admin","event":"PATIENT_LISTED","ip":"::1","results":61},"timestamp":"2026-05-07T20:34:39.932Z"}
{"level":"info","message":{"actor_id":"69fa3f035210a3c8091cb4a0","actor_role":"system_admin","event":"PATIENT_LISTED","ip":"::1","results":61},"timestamp":"2026-05-07T20:34:40.252Z"}
{"level":"info","message":{"actor_id":"69fa3f035210a3c8091cb4a0","actor_role":"system_admin","event":"PATIENT_LISTED","ip":"::1","results":50},"timestamp":"2026-05-07T20:34:41.072Z"}
{"level":"info","message":{"actor_id":"69fa3f035210a3c8091cb4a0","actor_role":"system_admin","event":"PATIENT_LISTED","ip":"::1","results":50},"timestamp":"2026-05-07T20:34:41.392Z"}
{"level":"info","message":{"actor_id":"69fa3f035210a3c8091cb4a0","actor_role":"system_admin","event":"PATIENT_LISTED","ip":"::1","results":50},"timestamp":"2026-05-07T20:34:41.627Z"}
{"level":"info","message":{"actor_id":"69fa3f035210a3c8091cb4a0","actor_role":"system_admin","event":"PATIENT_LISTED","ip":"::1","results":50},"timestamp":"2026-05-07T20:34:41.800Z"}
{"level":"info","message":{"actor_id":"69fa3f035210a3c8091cb4a0","actor_role":"system_admin","event":"PATIENT_LISTED","ip":"::1","results":61},"timestamp":"2026-05-07T20:34:41.939Z"}
{"level":"info","message":{"actor_id":"69fa3f035210a3c8091cb4a0","actor_role":"system_admin","event":"PATIENT_LISTED","ip":"::1","results":61},"timestamp":"2026-05-07T20:34:42.100Z"}
{"level":"info","message":{"actor_id":"69fa3f035210a3c8091cb4a0","actor_role":"system_admin","event":"PATIENT_LISTED","ip":"::1","results":61},"timestamp":"2026-05-07T20:34:43.331Z"}
{"level":"info","message":{"actor_id":"69fa3f035210a3c8091cb4a0","actor_role":"system_admin","event":"PATIENT_LISTED","ip":"::1","results":61},"timestamp":"2026-05-07T20:34:43.572Z"}
{"level":"info","message":{"actor_id":"69fa3f035210a3c8091cb4a0","actor_role":"system_admin","event":"PATIENT_LISTED","ip":"::1","results":50},"timestamp":"2026-05-07T20:34:43.856Z"}
{"level":"info","message":{"actor_id":"69fa3f035210a3c8091cb4a0","actor_role":"system_admin","event":"PATIENT_LISTED","ip":"::1","results":50},"timestamp":"2026-05-07T20:34:44.088Z"}
{"level":"info","message":{"actor_id":"69fa3f035210a3c8091cb4a0","actor_role":"system_admin","event":"PATIENT_LISTED","ip":"::1","results":61},"timestamp":"2026-05-07T20:34:55.514Z"}
{"level":"info","message":{"actor_id":"69fa3f035210a3c8091cb4a0","actor_role":"system_admin","event":"PATIENT_LISTED","ip":"::1","results":50},"timestamp":"2026-05-07T20:34:57.341Z"}
{"level":"info","message":{"actor_id":"69fa3f035210a3c8091cb4a0","actor_role":"system_admin","event":"PATIENT_LISTED","ip":"::1","results":50},"timestamp":"2026-05-07T20:34:57.674Z"}
{"level":"info","message":{"actor_id":"69fa3f035210a3c8091cb4a0","actor_role":"system_admin","event":"PATIENT_LISTED","ip":"::1","results":50},"timestamp":"2026-05-07T20:34:57.927Z"}
{"level":"info","message":{"actor_id":"69fa3f035210a3c8091cb4a0","actor_role":"system_admin","event":"PATIENT_LISTED","ip":"::1","results":50},"timestamp":"2026-05-07T20:34:58.096Z"}
{"level":"info","message":{"actor_id":"69fa3f035210a3c8091cb4a0","actor_role":"system_admin","event":"PATIENT_LISTED","ip":"::1","results":61},"timestamp":"2026-05-07T20:34:59.702Z"}
{"level":"info","message":{"actor_id":"69fa3f035210a3c8091cb4a0","actor_role":"system_admin","event":"PATIENT_LISTED","ip":"::1","results":61},"timestamp":"2026-05-07T20:35:00.020Z"}
{"level":"info","message":{"actor_id":"69fa3f035210a3c8091cb4a0","actor_role":"system_admin","event":"PATIENT_LISTED","ip":"::1","results":61},"timestamp":"2026-05-07T20:35:03.233Z"}
{"level":"info","message":{"actor_id":"69fa3f035210a3c8091cb4a0","actor_role":"system_admin","event":"PATIENT_LISTED","ip":"::1","results":61},"timestamp":"2026-05-07T20:35:03.358Z"}
{"level":"info","message":{"actor_id":"69fa3f035210a3c8091cb4a0","actor_role":"system_admin","event":"PATIENT_LISTED","ip":"::1","results":61},"timestamp":"2026-05-07T20:35:04.642Z"}
{"level":"info","message":{"actor_id":"69fa3f035210a3c8091cb4a0","actor_role":"system_admin","event":"PATIENT_LISTED","ip":"::1","results":61},"timestamp":"2026-05-07T20:35:04.882Z"}
{"level":"info","message":{"actor_id":"69fa3f035210a3c8091cb4a0","actor_role":"system_admin","event":"PATIENT_LISTED","ip":"::1","results":50},"timestamp":"2026-05-07T20:35:45.890Z"}
{"level":"info","message":{"actor_id":"69fa3f035210a3c8091cb4a0","actor_role":"system_admin","event":"PATIENT_LISTED","ip":"::1","results":50},"timestamp":"2026-05-07T20:35:46.164Z"}
{"level":"info","message":{"actor_id":"69fa3f035210a3c8091cb4a0","actor_role":"system_admin","event":"PATIENT_LISTED","ip":"::1","results":50},"timestamp":"2026-05-07T20:35:46.311Z"}
{"level":"info","message":{"actor_id":"69fa3f035210a3c8091cb4a0","actor_role":"system_admin","event":"PATIENT_LISTED","ip":"::1","results":50},"timestamp":"2026-05-07T20:35:46.477Z"}
{"level":"info","message":{"actor_id":"69fa3f035210a3c8091cb4a0","actor_role":"system_admin","event":"PATIENT_LISTED","ip":"::1","results":61},"timestamp":"2026-05-07T20:35:46.645Z"}
{"level":"info","message":{"actor_id":"69fa3f035210a3c8091cb4a0","actor_role":"system_admin","event":"PATIENT_LISTED","ip":"::1","results":61},"timestamp":"2026-05-07T20:35:46.910Z"}
{"level":"info","message":{"actor_id":"69fa3f035210a3c8091cb4a0","actor_role":"system_admin","event":"PATIENT_LISTED","ip":"::1","results":61},"timestamp":"2026-05-07T20:36:25.932Z"}
{"level":"info","message":{"actor_id":"69fa3f035210a3c8091cb4a0","actor_role":"system_admin","event":"PATIENT_LISTED","ip":"::1","results":61},"timestamp":"2026-05-07T20:38:09.156Z"}
{"level":"info","message":{"actor_id":"69fa3f035210a3c8091cb4a0","actor_role":"system_admin","event":"PATIENT_LISTED","ip":"::1","results":61},"timestamp":"2026-05-07T20:39:20.304Z"}
{"level":"info","message":{"actor_id":"69fa3f035210a3c8091cb4a0","actor_role":"system_admin","event":"PATIENT_LISTED","ip":"::1","results":50},"timestamp":"2026-05-07T20:39:24.260Z"}
{"level":"info","message":{"actor_id":"69fa3f035210a3c8091cb4a0","actor_role":"system_admin","event":"PATIENT_LISTED","ip":"::1","results":50},"timestamp":"2026-05-07T20:39:24.537Z"}
{"level":"info","message":{"actor_id":"69fa3f035210a3c8091cb4a0","actor_role":"system_admin","event":"PATIENT_LISTED","ip":"::1","results":61},"timestamp":"2026-05-07T20:39:26.012Z"}
{"level":"info","message":{"actor_id":"69fa3f035210a3c8091cb4a0","actor_role":"system_admin","event":"PATIENT_LISTED","ip":"::1","results":61},"timestamp":"2026-05-07T20:39:27.436Z"}
{"level":"info","message":{"actor_id":"69fa3f035210a3c8091cb4a0","actor_role":"system_admin","event":"PATIENT_LISTED","ip":"::1","results":61},"timestamp":"2026-05-07T20:39:32.452Z"}
{"level":"info","message":{"actor_id":"69fa3f035210a3c8091cb4a0","actor_role":"system_admin","event":"PATIENT_LISTED","ip":"::1","results":50},"timestamp":"2026-05-07T20:39:33.276Z"}
{"level":"info","message":{"actor_id":"69fa3f035210a3c8091cb4a0","actor_role":"system_admin","event":"PATIENT_LISTED","ip":"::1","results":50},"timestamp":"2026-05-07T20:39:33.458Z"}
{"level":"info","message":{"actor_id":"69fa3f035210a3c8091cb4a0","actor_role":"system_admin","event":"PATIENT_LISTED","ip":"::1","results":61},"timestamp":"2026-05-07T20:39:35.230Z"}
{"level":"info","message":{"actor_id":"69fa3f035210a3c8091cb4a0","actor_role":"system_admin","event":"PATIENT_LISTED","ip":"::1","results":61},"timestamp":"2026-05-07T20:45:31.218Z"}
{"level":"info","message":{"actor_id":"69fa3f035210a3c8091cb4a0","actor_role":"system_admin","event":"PATIENT_LISTED","ip":"::1","results":50},"timestamp":"2026-05-07T20:45:32.222Z"}
{"level":"info","message":{"actor_id":"69fa3f035210a3c8091cb4a0","actor_role":"system_admin","event":"PATIENT_LISTED","ip":"::1","results":50},"timestamp":"2026-05-07T20:45:32.533Z"}
{"level":"info","message":{"actor_id":"69fa3f035210a3c8091cb4a0","actor_role":"system_admin","event":"PATIENT_LISTED","ip":"::1","results":61},"timestamp":"2026-05-07T20:45:33.383Z"}
{"level":"info","message":{"actor_id":"69fa3f035210a3c8091cb4a0","actor_role":"system_admin","event":"PATIENT_LISTED","ip":"::1","results":61},"timestamp":"2026-05-07T20:45:40.282Z"}
{"level":"info","message":{"actor_id":"69fa3f035210a3c8091cb4a0","actor_role":"system_admin","event":"PATIENT_LISTED","ip":"::1","results":50},"timestamp":"2026-05-07T20:45:41.139Z"}
{"level":"info","message":{"actor_id":"69fa3f035210a3c8091cb4a0","actor_role":"system_admin","event":"PATIENT_LISTED","ip":"::1","results":50},"timestamp":"2026-05-07T20:45:41.401Z"}
{"level":"info","message":{"actor_id":"69fa3f035210a3c8091cb4a0","actor_role":"system_admin","event":"PATIENT_LISTED","ip":"::1","results":61},"timestamp":"2026-05-07T20:45:42.047Z"}
{"level":"info","message":{"actor_id":"69fa3f035210a3c8091cb4a0","actor_role":"system_admin","event":"PATIENT_LISTED","ip":"::1","results":61},"timestamp":"2026-05-07T20:45:43.003Z"}
{"level":"info","message":{"actor_id":"69fa3f035210a3c8091cb4a0","actor_role":"system_admin","event":"PATIENT_LISTED","ip":"::1","results":61},"timestamp":"2026-05-07T20:45:48.028Z"}
{"level":"info","message":{"actor_id":"69fa3f035210a3c8091cb4a0","actor_role":"system_admin","event":"PATIENT_LISTED","ip":"::1","results":50},"timestamp":"2026-05-07T20:45:50.796Z"}
{"level":"info","message":{"actor_id":"69fa3f035210a3c8091cb4a0","actor_role":"system_admin","event":"PATIENT_LISTED","ip":"::1","results":50},"timestamp":"2026-05-07T20:45:51.103Z"}
{"level":"info","message":{"actor_id":"69fa3f035210a3c8091cb4a0","actor_role":"system_admin","event":"PATIENT_LISTED","ip":"::1","results":61},"timestamp":"2026-05-07T20:45:51.668Z"}
{"level":"info","message":{"actor_id":"69fa3f035210a3c8091cb4a0","actor_role":"system_admin","event":"PATIENT_LISTED","ip":"::1","results":61},"timestamp":"2026-05-07T20:46:16.713Z"}
{"level":"info","message":{"actor_id":"69fa3f035210a3c8091cb4a0","actor_role":"system_admin","event":"PATIENT_LISTED","ip":"::1","results":61},"timestamp":"2026-05-07T23:06:00.563Z"}
{"level":"info","message":{"actor_id":"69fa3f035210a3c8091cb4a0","actor_role":"system_admin","event":"PATIENT_LISTED","ip":"::1","results":61},"timestamp":"2026-05-07T23:07:19.288Z"}
{"level":"info","message":{"actor_id":"69fae9ba11392f8ee823f799","actor_role":"patient","event":"PATIENT_VIEWED_SELF","ip":"::1","patient_id":"PAT-20260506-0061"},"timestamp":"2026-05-07T23:11:15.760Z"}
{"level":"info","message":{"actor_id":"69fae9ba11392f8ee823f799","actor_role":"patient","event":"PATIENT_VIEWED_SELF","ip":"::1","patient_id":"PAT-20260506-0061"},"timestamp":"2026-05-07T23:11:15.919Z"}
{"level":"info","message":{"actor_id":"69fa3f035210a3c8091cb4a0","actor_role":"system_admin","event":"PATIENT_LISTED","ip":"::1","results":61},"timestamp":"2026-05-07T23:12:40.112Z"}
{"level":"info","message":{"actor_id":"69fae9ba11392f8ee823f799","actor_role":"patient","appointment_id":"APT-mow3svl6-MAGSDD","event":"APPOINTMENT_CREATED","ip":"::1","patient_id":"PAT-20260506-0061"},"timestamp":"2026-05-07T23:14:50.225Z"}
{"level":"info","message":{"actor_id":"69fa3f035210a3c8091cb4a0","actor_role":"system_admin","event":"PATIENT_LISTED","ip":"::1","results":61},"timestamp":"2026-05-07T23:15:00.211Z"}
{"level":"info","message":{"actor_id":"69fa3f035210a3c8091cb4a0","actor_role":"system_admin","event":"PATIENT_LISTED","ip":"::1","results":61},"timestamp":"2026-05-07T23:18:29.386Z"}
{"level":"info","message":{"actor_id":"69fa3f035210a3c8091cb4a0","actor_role":"system_admin","event":"PATIENT_LISTED","ip":"::1","results":61},"timestamp":"2026-05-07T23:18:31.450Z"}
{"level":"info","message":{"actor_id":"69fa3f035210a3c8091cb4a0","actor_role":"system_admin","event":"PATIENT_LISTED","ip":"::1","results":61},"timestamp":"2026-05-07T23:19:12.042Z"}
{"level":"info","message":{"actor_id":"69fa3f035210a3c8091cb4a0","actor_role":"system_admin","event":"PATIENT_LISTED","ip":"::1","results":61},"timestamp":"2026-05-07T23:31:18.356Z"}
{"level":"info","message":{"actor_id":"69fa3f035210a3c8091cb4a0","actor_role":"system_admin","event":"PATIENT_LISTED","ip":"::1","results":61},"timestamp":"2026-05-07T23:31:42.219Z"}
{"level":"info","message":{"actor_id":"69fae9ba11392f8ee823f799","actor_role":"patient","event":"PATIENT_VIEWED_SELF","ip":"::1","patient_id":"PAT-20260506-0061"},"timestamp":"2026-05-07T23:33:45.097Z"}
{"level":"info","message":{"actor_id":"69fae9ba11392f8ee823f799","actor_role":"patient","event":"PATIENT_VIEWED_SELF","ip":"::1","patient_id":"PAT-20260506-0061"},"timestamp":"2026-05-07T23:33:45.230Z"}
{"level":"info","message":{"actor_id":"69fa3f035210a3c8091cb4a0","actor_role":"system_admin","event":"PATIENT_LISTED","ip":"::1","results":61},"timestamp":"2026-05-07T23:33:48.475Z"}
{"level":"info","message":{"actor_id":"admin-1","actor_role":"system_admin","event":"PATIENT_CREATED","ip":"::ffff:127.0.0.1","patient_id":"PAT-20260508-0001"},"timestamp":"2026-05-08T07:30:50.879Z"}
{"level":"info","message":{"actor_id":"admin-1","actor_role":"system_admin","event":"PATIENT_VIEWED","ip":"::ffff:127.0.0.1","patient_id":"PAT-20260508-0001"},"timestamp":"2026-05-08T07:30:50.902Z"}
{"level":"info","message":{"actor_id":"admin-1","actor_role":"system_admin","event":"PATIENT_UPDATED","ip":"::ffff:127.0.0.1","patient_id":"PAT-20260508-0001"},"timestamp":"2026-05-08T07:30:50.948Z"}
{"level":"info","message":{"actor_id":"admin-1","actor_role":"system_admin","appointment_id":"APT-mowlirbm-DJT2AA","event":"APPOINTMENT_CREATED","ip":"::ffff:127.0.0.1","patient_id":"PAT-20260508-0001"},"timestamp":"2026-05-08T07:30:50.984Z"}
{"level":"info","message":{"actor_id":"admin-1","actor_role":"system_admin","appointment_id":"APT-mowlirbm-DJT2AA","event":"APPOINTMENT_UPDATED","ip":"::ffff:127.0.0.1"},"timestamp":"2026-05-08T07:30:51.006Z"}
{"level":"info","message":{"actor_id":"admin-1","actor_role":"system_admin","appointment_id":"APT-mowlirbm-DJT2AA","event":"APPOINTMENT_CANCELLED","ip":"::ffff:127.0.0.1"},"timestamp":"2026-05-08T07:30:51.023Z"}
{"level":"info","message":{"actor_id":"admin-1","actor_role":"system_admin","event":"HEALTH_RECORD_CREATED","ip":"::ffff:127.0.0.1","patient_id":"PAT-20260508-0001","record_id":"REC-mowlirdq-OI95SD"},"timestamp":"2026-05-08T07:30:51.054Z"}
{"level":"info","message":{"actor_id":"admin-1","actor_role":"system_admin","event":"HEALTH_RECORD_UPDATED","ip":"::ffff:127.0.0.1","record_id":"REC-mowlirdq-OI95SD"},"timestamp":"2026-05-08T07:30:51.082Z"}
{"level":"info","message":{"actor_id":"admin-1","actor_role":"system_admin","event":"HEALTH_RECORD_ARCHIVED","ip":"::ffff:127.0.0.1","record_id":"REC-mowlirdq-OI95SD"},"timestamp":"2026-05-08T07:30:51.099Z"}
{"level":"info","message":{"actor_id":"admin-1","actor_role":"api_key","event":"PRESCRIPTION_INVOICE_STATUS_UPDATED","invoice_id":"INV-AUDIT-001","ip":"::ffff:127.0.0.1","is_released":true,"status":"paid"},"timestamp":"2026-05-08T07:30:51.505Z"}
{"level":"info","message":{"actor_id":"test-admin","actor_role":"api_key","event":"PRESCRIPTION_INVOICE_STATUS_UPDATED","invoice_id":"INV-2e-moqykdfp","ip":"::ffff:127.0.0.1","is_released":true,"status":"paid"},"timestamp":"2026-05-08T07:31:43.807Z"}
{"level":"info","message":{"actor_id":"actor-1","actor_role":"system_admin","event":"PATIENT_CREATED","ip":"::ffff:127.0.0.1","patient_id":"PAT-20260508-0001"},"timestamp":"2026-05-08T07:31:45.245Z"}
{"level":"info","message":{"actor_id":"actor-2","actor_role":"system_admin","event":"PATIENT_CREATED","ip":"::ffff:127.0.0.1","patient_id":"PAT-20260508-0001"},"timestamp":"2026-05-08T07:31:45.388Z"}
{"level":"info","message":{"actor_id":"actor-2","actor_role":"system_admin","event":"PATIENT_VIEWED","ip":"::ffff:127.0.0.1","patient_id":"PAT-20260508-0001"},"timestamp":"2026-05-08T07:31:45.406Z"}
{"level":"info","message":{"actor_id":"admin-1","actor_role":"system_admin","event":"PATIENT_CREATED","ip":"::ffff:127.0.0.1","patient_id":"PAT-20260508-0001"},"timestamp":"2026-05-08T07:31:48.079Z"}
{"level":"info","message":{"actor_id":"admin-ml-ok","actor_role":"system_admin","event":"PATIENT_CREATED","ip":"::ffff:127.0.0.1","patient_id":"PAT-20260508-0001"},"timestamp":"2026-05-08T07:31:48.279Z"}
{"level":"info","message":{"actor_id":"admin-ml-down","actor_role":"system_admin","event":"PATIENT_CREATED","ip":"::ffff:127.0.0.1","patient_id":"PAT-20260508-0001"},"timestamp":"2026-05-08T07:31:48.329Z"}
{"level":"info","message":{"actor_id":"admin-1","actor_role":"system_admin","event":"PATIENT_CREATED","ip":"::ffff:127.0.0.1","patient_id":"PAT-20260508-0001"},"timestamp":"2026-05-08T07:31:49.875Z"}
{"level":"info","message":{"actor_id":"admin-1","actor_role":"system_admin","event":"PATIENT_VIEWED","ip":"::ffff:127.0.0.1","patient_id":"PAT-20260508-0001"},"timestamp":"2026-05-08T07:31:49.889Z"}
{"level":"info","message":{"actor_id":"admin-1","actor_role":"system_admin","event":"PATIENT_UPDATED","ip":"::ffff:127.0.0.1","patient_id":"PAT-20260508-0001"},"timestamp":"2026-05-08T07:31:49.909Z"}
{"level":"info","message":{"actor_id":"admin-1","actor_role":"system_admin","appointment_id":"APT-mowlk0tg-WHV0V6","event":"APPOINTMENT_CREATED","ip":"::ffff:127.0.0.1","patient_id":"PAT-20260508-0001"},"timestamp":"2026-05-08T07:31:49.940Z"}
{"level":"info","message":{"actor_id":"admin-1","actor_role":"system_admin","appointment_id":"APT-mowlk0tg-WHV0V6","event":"APPOINTMENT_UPDATED","ip":"::ffff:127.0.0.1"},"timestamp":"2026-05-08T07:31:49.969Z"}
{"level":"info","message":{"actor_id":"admin-1","actor_role":"system_admin","appointment_id":"APT-mowlk0tg-WHV0V6","event":"APPOINTMENT_CANCELLED","ip":"::ffff:127.0.0.1"},"timestamp":"2026-05-08T07:31:49.982Z"}
{"level":"info","message":{"actor_id":"admin-1","actor_role":"system_admin","event":"HEALTH_RECORD_CREATED","ip":"::ffff:127.0.0.1","patient_id":"PAT-20260508-0001","record_id":"REC-mowlk0vj-PRLGQE"},"timestamp":"2026-05-08T07:31:50.012Z"}
{"level":"info","message":{"actor_id":"admin-1","actor_role":"system_admin","event":"HEALTH_RECORD_UPDATED","ip":"::ffff:127.0.0.1","record_id":"REC-mowlk0vj-PRLGQE"},"timestamp":"2026-05-08T07:31:50.042Z"}
{"level":"info","message":{"actor_id":"admin-1","actor_role":"system_admin","event":"HEALTH_RECORD_ARCHIVED","ip":"::ffff:127.0.0.1","record_id":"REC-mowlk0vj-PRLGQE"},"timestamp":"2026-05-08T07:31:50.057Z"}
{"level":"info","message":{"actor_id":"admin-1","actor_role":"api_key","event":"PRESCRIPTION_INVOICE_STATUS_UPDATED","invoice_id":"INV-AUDIT-001","ip":"::ffff:127.0.0.1","is_released":true,"status":"paid"},"timestamp":"2026-05-08T07:31:50.391Z"}
{"level":"info","message":{"actor_id":"actor-1","actor_role":"system_admin","appointment_id":"APT-mowlk3aw-J3GJQ1","event":"APPOINTMENT_CREATED","patient_id":"PAT-001"},"timestamp":"2026-05-08T07:31:53.159Z"}
{"level":"info","message":{"actor_id":"admin-1","actor_role":"system_admin","event":"PATIENT_CREATED","ip":"::ffff:127.0.0.1","patient_id":"PAT-20260508-0001"},"timestamp":"2026-05-08T07:32:31.966Z"}
{"level":"info","message":{"actor_id":"admin-1","actor_role":"system_admin","event":"PATIENT_VIEWED","ip":"::ffff:127.0.0.1","patient_id":"PAT-20260508-0001"},"timestamp":"2026-05-08T07:32:31.994Z"}
{"level":"info","message":{"actor_id":"admin-1","actor_role":"system_admin","event":"PATIENT_UPDATED","ip":"::ffff:127.0.0.1","patient_id":"PAT-20260508-0001"},"timestamp":"2026-05-08T07:32:32.017Z"}
{"level":"info","message":{"actor_id":"admin-1","actor_role":"system_admin","appointment_id":"APT-mowlkxb7-3FK69D","event":"APPOINTMENT_CREATED","ip":"::ffff:127.0.0.1","patient_id":"PAT-20260508-0001"},"timestamp":"2026-05-08T07:32:32.062Z"}
{"level":"info","message":{"actor_id":"admin-1","actor_role":"system_admin","appointment_id":"APT-mowlkxb7-3FK69D","event":"APPOINTMENT_UPDATED","ip":"::ffff:127.0.0.1"},"timestamp":"2026-05-08T07:32:32.084Z"}
{"level":"info","message":{"actor_id":"admin-1","actor_role":"system_admin","appointment_id":"APT-mowlkxb7-3FK69D","event":"APPOINTMENT_CANCELLED","ip":"::ffff:127.0.0.1"},"timestamp":"2026-05-08T07:32:32.110Z"}
{"level":"info","message":{"actor_id":"admin-1","actor_role":"system_admin","event":"HEALTH_RECORD_CREATED","ip":"::ffff:127.0.0.1","patient_id":"PAT-20260508-0001","record_id":"REC-mowlkxdv-PZ5HAH"},"timestamp":"2026-05-08T07:32:32.143Z"}
{"level":"info","message":{"actor_id":"admin-1","actor_role":"system_admin","event":"HEALTH_RECORD_UPDATED","ip":"::ffff:127.0.0.1","record_id":"REC-mowlkxdv-PZ5HAH"},"timestamp":"2026-05-08T07:32:32.176Z"}
{"level":"info","message":{"actor_id":"admin-1","actor_role":"system_admin","event":"HEALTH_RECORD_ARCHIVED","ip":"::ffff:127.0.0.1","record_id":"REC-mowlkxdv-PZ5HAH"},"timestamp":"2026-05-08T07:32:32.188Z"}
{"level":"info","message":{"actor_id":"admin-1","actor_role":"system_admin","event":"PATIENT_ARCHIVED","ip":"::ffff:127.0.0.1","patient_id":"PAT-20260508-0001"},"timestamp":"2026-05-08T07:32:32.201Z"}
{"level":"info","message":{"actor_id":"admin-1","actor_role":"api_key","event":"PRESCRIPTION_INVOICE_STATUS_UPDATED","invoice_id":"INV-AUDIT-001","ip":"::ffff:127.0.0.1","is_released":true,"status":"paid"},"timestamp":"2026-05-08T07:32:32.625Z"}
{"level":"info","message":{"actor_id":"admin-1","actor_role":"system_admin","event":"PATIENT_CREATED","ip":"::ffff:127.0.0.1","patient_id":"PAT-20260508-0001"},"timestamp":"2026-05-08T07:37:01.211Z"}
{"level":"info","message":{"actor_id":"admin-1","actor_role":"system_admin","event":"PATIENT_VIEWED","ip":"::ffff:127.0.0.1","patient_id":"PAT-20260508-0001"},"timestamp":"2026-05-08T07:37:01.237Z"}
{"level":"info","message":{"actor_id":"admin-1","actor_role":"system_admin","event":"PATIENT_UPDATED","ip":"::ffff:127.0.0.1","patient_id":"PAT-20260508-0001"},"timestamp":"2026-05-08T07:37:01.260Z"}
{"level":"info","message":{"actor_id":"admin-1","actor_role":"system_admin","appointment_id":"APT-mowlqp23-XTH6X9","event":"APPOINTMENT_CREATED","ip":"::ffff:127.0.0.1","patient_id":"PAT-20260508-0001"},"timestamp":"2026-05-08T07:37:01.297Z"}
{"level":"info","message":{"actor_id":"admin-1","actor_role":"system_admin","appointment_id":"APT-mowlqp23-XTH6X9","event":"APPOINTMENT_UPDATED","ip":"::ffff:127.0.0.1"},"timestamp":"2026-05-08T07:37:01.317Z"}
{"level":"info","message":{"actor_id":"admin-1","actor_role":"system_admin","appointment_id":"APT-mowlqp23-XTH6X9","event":"APPOINTMENT_CANCELLED","ip":"::ffff:127.0.0.1"},"timestamp":"2026-05-08T07:37:01.334Z"}
{"level":"info","message":{"actor_id":"admin-1","actor_role":"system_admin","event":"HEALTH_RECORD_CREATED","ip":"::ffff:127.0.0.1","patient_id":"PAT-20260508-0001","record_id":"REC-mowlqp45-6B2ZI5"},"timestamp":"2026-05-08T07:37:01.363Z"}
{"level":"info","message":{"actor_id":"admin-1","actor_role":"system_admin","event":"HEALTH_RECORD_UPDATED","ip":"::ffff:127.0.0.1","record_id":"REC-mowlqp45-6B2ZI5"},"timestamp":"2026-05-08T07:37:01.387Z"}
{"level":"info","message":{"actor_id":"admin-1","actor_role":"system_admin","event":"HEALTH_RECORD_ARCHIVED","ip":"::ffff:127.0.0.1","record_id":"REC-mowlqp45-6B2ZI5"},"timestamp":"2026-05-08T07:37:01.403Z"}
{"level":"info","message":{"actor_id":"admin-1","actor_role":"system_admin","event":"PATIENT_ARCHIVED","ip":"::ffff:127.0.0.1","patient_id":"PAT-20260508-0001"},"timestamp":"2026-05-08T07:37:01.418Z"}
{"level":"info","message":{"actor_id":"admin-1","actor_role":"api_key","event":"PRESCRIPTION_INVOICE_STATUS_UPDATED","invoice_id":"INV-AUDIT-001","ip":"::ffff:127.0.0.1","is_released":true,"status":"paid"},"timestamp":"2026-05-08T07:37:01.755Z"}
{"level":"info","message":{"actor_id":"admin-1","actor_role":"system_admin","event":"PATIENT_CREATED","ip":"::ffff:127.0.0.1","patient_id":"PAT-20260508-0001"},"timestamp":"2026-05-08T07:54:03.981Z"}
{"level":"info","message":{"actor_id":"admin-1","actor_role":"system_admin","event":"PATIENT_VIEWED","ip":"::ffff:127.0.0.1","patient_id":"PAT-20260508-0001"},"timestamp":"2026-05-08T07:54:03.997Z"}
{"level":"info","message":{"actor_id":"admin-1","actor_role":"system_admin","event":"PATIENT_UPDATED","ip":"::ffff:127.0.0.1","patient_id":"PAT-20260508-0001"},"timestamp":"2026-05-08T07:54:04.019Z"}
{"level":"info","message":{"actor_id":"admin-1","actor_role":"system_admin","appointment_id":"APT-mowmcm7y-AENX51","event":"APPOINTMENT_CREATED","ip":"::ffff:127.0.0.1","patient_id":"PAT-20260508-0001"},"timestamp":"2026-05-08T07:54:04.049Z"}
{"level":"info","message":{"actor_id":"admin-1","actor_role":"system_admin","appointment_id":"APT-mowmcm7y-AENX51","event":"APPOINTMENT_UPDATED","ip":"::ffff:127.0.0.1"},"timestamp":"2026-05-08T07:54:04.071Z"}
{"level":"info","message":{"actor_id":"admin-1","actor_role":"system_admin","appointment_id":"APT-mowmcm7y-AENX51","event":"APPOINTMENT_CANCELLED","ip":"::ffff:127.0.0.1"},"timestamp":"2026-05-08T07:54:04.083Z"}
{"level":"info","message":{"actor_id":"admin-1","actor_role":"system_admin","event":"HEALTH_RECORD_CREATED","ip":"::ffff:127.0.0.1","patient_id":"PAT-20260508-0001","record_id":"REC-mowmcm9s-8LNUFV"},"timestamp":"2026-05-08T07:54:04.107Z"}
{"level":"info","message":{"actor_id":"admin-1","actor_role":"system_admin","event":"HEALTH_RECORD_UPDATED","ip":"::ffff:127.0.0.1","record_id":"REC-mowmcm9s-8LNUFV"},"timestamp":"2026-05-08T07:54:04.129Z"}
{"level":"info","message":{"actor_id":"admin-1","actor_role":"system_admin","event":"HEALTH_RECORD_ARCHIVED","ip":"::ffff:127.0.0.1","record_id":"REC-mowmcm9s-8LNUFV"},"timestamp":"2026-05-08T07:54:04.142Z"}
{"level":"info","message":{"actor_id":"admin-1","actor_role":"system_admin","event":"PATIENT_ARCHIVED","ip":"::ffff:127.0.0.1","patient_id":"PAT-20260508-0001"},"timestamp":"2026-05-08T07:54:04.152Z"}
{"level":"info","message":{"actor_id":"admin-1","actor_role":"api_key","event":"PRESCRIPTION_INVOICE_STATUS_UPDATED","invoice_id":"INV-AUDIT-001","ip":"::ffff:127.0.0.1","is_released":true,"status":"paid"},"timestamp":"2026-05-08T07:54:04.439Z"}
{"action_type":"LOGIN_FAILED","event":"EXTERNAL_AUDIT_LOG_FAILED","level":"error","message":"Admin audit API returned HTTP 400","responseBody":"{\"message\":\"No valid entries\",\"errors\":[\"entry[0]: user_id must be a valid UUID\"]}","status":400,"subsystem":"Auth","timestamp":"2026-05-08T08:05:00.483Z"}
{"action_type":"APPOINTMENT_CREATED","event":"EXTERNAL_AUDIT_LOG_FAILED","level":"error","message":"network down","subsystem":"Appointment","timestamp":"2026-05-08T08:05:21.096Z"}
{"level":"info","message":{"actor_id":"admin-1","actor_role":"system_admin","event":"PATIENT_CREATED","ip":"::ffff:127.0.0.1","patient_id":"PAT-20260508-0001"},"timestamp":"2026-05-08T08:05:30.843Z"}
{"level":"info","message":{"actor_id":"admin-1","actor_role":"system_admin","event":"PATIENT_VIEWED","ip":"::ffff:127.0.0.1","patient_id":"PAT-20260508-0001"},"timestamp":"2026-05-08T08:05:30.874Z"}
{"level":"info","message":{"actor_id":"admin-1","actor_role":"system_admin","event":"PATIENT_UPDATED","ip":"::ffff:127.0.0.1","patient_id":"PAT-20260508-0001"},"timestamp":"2026-05-08T08:05:30.896Z"}
{"level":"info","message":{"actor_id":"admin-1","actor_role":"system_admin","appointment_id":"APT-mowmrc80-0C0GDT","event":"APPOINTMENT_CREATED","ip":"::ffff:127.0.0.1","patient_id":"PAT-20260508-0001"},"timestamp":"2026-05-08T08:05:30.931Z"}
{"level":"info","message":{"actor_id":"admin-1","actor_role":"system_admin","appointment_id":"APT-mowmrc80-0C0GDT","event":"APPOINTMENT_UPDATED","ip":"::ffff:127.0.0.1"},"timestamp":"2026-05-08T08:05:30.946Z"}
{"level":"info","message":{"actor_id":"admin-1","actor_role":"system_admin","appointment_id":"APT-mowmrc80-0C0GDT","event":"APPOINTMENT_CANCELLED","ip":"::ffff:127.0.0.1"},"timestamp":"2026-05-08T08:05:30.958Z"}
{"level":"info","message":{"actor_id":"admin-1","actor_role":"system_admin","event":"HEALTH_RECORD_CREATED","ip":"::ffff:127.0.0.1","patient_id":"PAT-20260508-0001","record_id":"REC-mowmrc9u-W3SKLB"},"timestamp":"2026-05-08T08:05:30.990Z"}
{"level":"info","message":{"actor_id":"admin-1","actor_role":"system_admin","event":"HEALTH_RECORD_UPDATED","ip":"::ffff:127.0.0.1","record_id":"REC-mowmrc9u-W3SKLB"},"timestamp":"2026-05-08T08:05:31.020Z"}
{"level":"info","message":{"actor_id":"admin-1","actor_role":"system_admin","event":"HEALTH_RECORD_ARCHIVED","ip":"::ffff:127.0.0.1","record_id":"REC-mowmrc9u-W3SKLB"},"timestamp":"2026-05-08T08:05:31.034Z"}
{"level":"info","message":{"actor_id":"admin-1","actor_role":"system_admin","event":"PATIENT_ARCHIVED","ip":"::ffff:127.0.0.1","patient_id":"PAT-20260508-0001"},"timestamp":"2026-05-08T08:05:31.049Z"}
{"level":"info","message":{"actor_id":"admin-1","actor_role":"api_key","event":"PRESCRIPTION_INVOICE_STATUS_UPDATED","invoice_id":"INV-AUDIT-001","ip":"::ffff:127.0.0.1","is_released":true,"status":"paid"},"timestamp":"2026-05-08T08:05:31.473Z"}
{"level":"info","message":{"actor_id":"admin-1","actor_role":"system_admin","event":"PATIENT_CREATED","ip":"::ffff:127.0.0.1","patient_id":"PAT-20260508-0001"},"timestamp":"2026-05-08T08:07:59.039Z"}
{"level":"info","message":{"actor_id":"admin-1","actor_role":"system_admin","event":"PATIENT_VIEWED","ip":"::ffff:127.0.0.1","patient_id":"PAT-20260508-0001"},"timestamp":"2026-05-08T08:07:59.063Z"}
{"level":"info","message":{"actor_id":"admin-1","actor_role":"system_admin","event":"PATIENT_UPDATED","ip":"::ffff:127.0.0.1","patient_id":"PAT-20260508-0001"},"timestamp":"2026-05-08T08:07:59.081Z"}
{"level":"info","message":{"actor_id":"admin-1","actor_role":"system_admin","appointment_id":"APT-mowmuik5-XDCUGK","event":"APPOINTMENT_CREATED","ip":"::ffff:127.0.0.1","patient_id":"PAT-20260508-0001"},"timestamp":"2026-05-08T08:07:59.111Z"}
{"level":"info","message":{"actor_id":"admin-1","actor_role":"system_admin","appointment_id":"APT-mowmuik5-XDCUGK","event":"APPOINTMENT_UPDATED","ip":"::ffff:127.0.0.1"},"timestamp":"2026-05-08T08:07:59.130Z"}
{"level":"info","message":{"actor_id":"admin-1","actor_role":"system_admin","appointment_id":"APT-mowmuik5-XDCUGK","event":"APPOINTMENT_CANCELLED","ip":"::ffff:127.0.0.1"},"timestamp":"2026-05-08T08:07:59.144Z"}
{"level":"info","message":{"actor_id":"admin-1","actor_role":"system_admin","event":"HEALTH_RECORD_CREATED","ip":"::ffff:127.0.0.1","patient_id":"PAT-20260508-0001","record_id":"REC-mowmuily-4HASQ5"},"timestamp":"2026-05-08T08:07:59.170Z"}
{"level":"info","message":{"actor_id":"admin-1","actor_role":"system_admin","event":"HEALTH_RECORD_UPDATED","ip":"::ffff:127.0.0.1","record_id":"REC-mowmuily-4HASQ5"},"timestamp":"2026-05-08T08:07:59.200Z"}
{"level":"info","message":{"actor_id":"admin-1","actor_role":"system_admin","event":"HEALTH_RECORD_ARCHIVED","ip":"::ffff:127.0.0.1","record_id":"REC-mowmuily-4HASQ5"},"timestamp":"2026-05-08T08:07:59.214Z"}
{"level":"info","message":{"actor_id":"admin-1","actor_role":"system_admin","event":"PATIENT_ARCHIVED","ip":"::ffff:127.0.0.1","patient_id":"PAT-20260508-0001"},"timestamp":"2026-05-08T08:07:59.228Z"}
{"level":"info","message":{"actor_id":"admin-1","actor_role":"api_key","event":"PRESCRIPTION_INVOICE_STATUS_UPDATED","invoice_id":"INV-AUDIT-001","ip":"::ffff:127.0.0.1","is_released":true,"status":"paid"},"timestamp":"2026-05-08T08:07:59.612Z"}
{"action_type":"APPOINTMENT_CREATED","event":"EXTERNAL_AUDIT_LOG_FAILED","level":"error","message":"network down","subsystem":"Appointment","timestamp":"2026-05-08T08:08:00.169Z"}
{"level":"info","message":{"actor_id":"admin-1","actor_role":"system_admin","event":"PATIENT_CREATED","ip":"::ffff:127.0.0.1","patient_id":"PAT-20260508-0001"},"timestamp":"2026-05-08T08:08:41.024Z"}
{"level":"info","message":{"actor_id":"admin-1","actor_role":"system_admin","event":"PATIENT_VIEWED","ip":"::ffff:127.0.0.1","patient_id":"PAT-20260508-0001"},"timestamp":"2026-05-08T08:08:41.041Z"}
{"level":"info","message":{"actor_id":"admin-1","actor_role":"system_admin","event":"PATIENT_UPDATED","ip":"::ffff:127.0.0.1","patient_id":"PAT-20260508-0001"},"timestamp":"2026-05-08T08:08:41.055Z"}
{"level":"info","message":{"actor_id":"admin-1","actor_role":"system_admin","appointment_id":"APT-mowmvey0-RUS9BN","event":"APPOINTMENT_CREATED","ip":"::ffff:127.0.0.1","patient_id":"PAT-20260508-0001"},"timestamp":"2026-05-08T08:08:41.079Z"}
{"level":"info","message":{"actor_id":"admin-1","actor_role":"system_admin","appointment_id":"APT-mowmvey0-RUS9BN","event":"APPOINTMENT_UPDATED","ip":"::ffff:127.0.0.1"},"timestamp":"2026-05-08T08:08:41.090Z"}
{"level":"info","message":{"actor_id":"admin-1","actor_role":"system_admin","appointment_id":"APT-mowmvey0-RUS9BN","event":"APPOINTMENT_CANCELLED","ip":"::ffff:127.0.0.1"},"timestamp":"2026-05-08T08:08:41.098Z"}
{"level":"info","message":{"actor_id":"admin-1","actor_role":"system_admin","event":"HEALTH_RECORD_CREATED","ip":"::ffff:127.0.0.1","patient_id":"PAT-20260508-0001","record_id":"REC-mowmvez9-1KY00J"},"timestamp":"2026-05-08T08:08:41.120Z"}
{"level":"info","message":{"actor_id":"admin-1","actor_role":"system_admin","event":"HEALTH_RECORD_UPDATED","ip":"::ffff:127.0.0.1","record_id":"REC-mowmvez9-1KY00J"},"timestamp":"2026-05-08T08:08:41.139Z"}
{"level":"info","message":{"actor_id":"admin-1","actor_role":"system_admin","event":"HEALTH_RECORD_ARCHIVED","ip":"::ffff:127.0.0.1","record_id":"REC-mowmvez9-1KY00J"},"timestamp":"2026-05-08T08:08:41.147Z"}
{"level":"info","message":{"actor_id":"admin-1","actor_role":"system_admin","event":"PATIENT_ARCHIVED","ip":"::ffff:127.0.0.1","patient_id":"PAT-20260508-0001"},"timestamp":"2026-05-08T08:08:41.155Z"}
{"level":"info","message":{"actor_id":"admin-1","actor_role":"api_key","event":"PRESCRIPTION_INVOICE_STATUS_UPDATED","invoice_id":"INV-AUDIT-001","ip":"::ffff:127.0.0.1","is_released":true,"status":"paid"},"timestamp":"2026-05-08T08:08:41.400Z"}
{"action_type":"APPOINTMENT_CREATED","event":"EXTERNAL_AUDIT_LOG_FAILED","level":"error","message":"network down","subsystem":"Appointment","timestamp":"2026-05-08T08:08:42.724Z"}
{"level":"info","message":{"actor_id":"admin-1","actor_role":"system_admin","event":"PATIENT_CREATED","ip":"::ffff:127.0.0.1","patient_id":"PAT-20260508-0001"},"timestamp":"2026-05-08T08:15:33.465Z"}
{"level":"info","message":{"actor_id":"admin-1","actor_role":"system_admin","event":"PATIENT_VIEWED","ip":"::ffff:127.0.0.1","patient_id":"PAT-20260508-0001"},"timestamp":"2026-05-08T08:15:33.495Z"}
{"level":"info","message":{"actor_id":"admin-1","actor_role":"system_admin","event":"PATIENT_UPDATED","ip":"::ffff:127.0.0.1","patient_id":"PAT-20260508-0001"},"timestamp":"2026-05-08T08:15:33.526Z"}
{"level":"info","message":{"actor_id":"admin-1","actor_role":"system_admin","appointment_id":"APT-mown497w-6W604M","event":"APPOINTMENT_CREATED","ip":"::ffff:127.0.0.1","patient_id":"PAT-20260508-0001"},"timestamp":"2026-05-08T08:15:33.573Z"}
{"level":"info","message":{"actor_id":"admin-1","actor_role":"system_admin","appointment_id":"APT-mown497w-6W604M","event":"APPOINTMENT_UPDATED","ip":"::ffff:127.0.0.1"},"timestamp":"2026-05-08T08:15:33.596Z"}
{"level":"info","message":{"actor_id":"admin-1","actor_role":"system_admin","appointment_id":"APT-mown497w-6W604M","event":"APPOINTMENT_CANCELLED","ip":"::ffff:127.0.0.1"},"timestamp":"2026-05-08T08:15:33.612Z"}
{"level":"info","message":{"actor_id":"admin-1","actor_role":"system_admin","event":"HEALTH_RECORD_CREATED","ip":"::ffff:127.0.0.1","patient_id":"PAT-20260508-0001","record_id":"REC-mown49a6-PQHFXY"},"timestamp":"2026-05-08T08:15:33.644Z"}
{"level":"info","message":{"actor_id":"admin-1","actor_role":"system_admin","event":"HEALTH_RECORD_UPDATED","ip":"::ffff:127.0.0.1","record_id":"REC-mown49a6-PQHFXY"},"timestamp":"2026-05-08T08:15:33.678Z"}
{"level":"info","message":{"actor_id":"admin-1","actor_role":"system_admin","event":"HEALTH_RECORD_ARCHIVED","ip":"::ffff:127.0.0.1","record_id":"REC-mown49a6-PQHFXY"},"timestamp":"2026-05-08T08:15:33.694Z"}
{"level":"info","message":{"actor_id":"admin-1","actor_role":"system_admin","event":"PATIENT_ARCHIVED","ip":"::ffff:127.0.0.1","patient_id":"PAT-20260508-0001"},"timestamp":"2026-05-08T08:15:33.709Z"}
{"level":"info","message":{"actor_id":"admin-1","actor_role":"api_key","event":"PRESCRIPTION_INVOICE_STATUS_UPDATED","invoice_id":"INV-AUDIT-001","ip":"::ffff:127.0.0.1","is_released":true,"status":"paid"},"timestamp":"2026-05-08T08:15:34.119Z"}
{"level":"info","message":{"actor_id":"admin-1","actor_role":"system_admin","event":"PATIENT_CREATED","ip":"::ffff:127.0.0.1","patient_id":"PAT-20260508-0001"},"timestamp":"2026-05-08T08:16:43.345Z"}
{"level":"info","message":{"actor_id":"admin-1","actor_role":"system_admin","event":"PATIENT_VIEWED","ip":"::ffff:127.0.0.1","patient_id":"PAT-20260508-0001"},"timestamp":"2026-05-08T08:16:43.363Z"}
{"level":"info","message":{"actor_id":"admin-1","actor_role":"system_admin","event":"PATIENT_UPDATED","ip":"::ffff:127.0.0.1","patient_id":"PAT-20260508-0001"},"timestamp":"2026-05-08T08:16:43.377Z"}
{"level":"info","message":{"actor_id":"admin-1","actor_role":"system_admin","appointment_id":"APT-mown5r3t-3JABSB","event":"APPOINTMENT_CREATED","ip":"::ffff:127.0.0.1","patient_id":"PAT-20260508-0001"},"timestamp":"2026-05-08T08:16:43.400Z"}
{"level":"info","message":{"actor_id":"admin-1","actor_role":"system_admin","appointment_id":"APT-mown5r3t-3JABSB","event":"APPOINTMENT_UPDATED","ip":"::ffff:127.0.0.1"},"timestamp":"2026-05-08T08:16:43.411Z"}
{"level":"info","message":{"actor_id":"admin-1","actor_role":"system_admin","appointment_id":"APT-mown5r3t-3JABSB","event":"APPOINTMENT_CANCELLED","ip":"::ffff:127.0.0.1"},"timestamp":"2026-05-08T08:16:43.419Z"}
{"level":"info","message":{"actor_id":"admin-1","actor_role":"system_admin","event":"HEALTH_RECORD_CREATED","ip":"::ffff:127.0.0.1","patient_id":"PAT-20260508-0001","record_id":"REC-mown5r50-RGRK7V"},"timestamp":"2026-05-08T08:16:43.438Z"}
{"level":"info","message":{"actor_id":"admin-1","actor_role":"system_admin","event":"HEALTH_RECORD_UPDATED","ip":"::ffff:127.0.0.1","record_id":"REC-mown5r50-RGRK7V"},"timestamp":"2026-05-08T08:16:43.455Z"}
{"level":"info","message":{"actor_id":"admin-1","actor_role":"system_admin","event":"HEALTH_RECORD_ARCHIVED","ip":"::ffff:127.0.0.1","record_id":"REC-mown5r50-RGRK7V"},"timestamp":"2026-05-08T08:16:43.462Z"}
{"level":"info","message":{"actor_id":"admin-1","actor_role":"system_admin","event":"PATIENT_ARCHIVED","ip":"::ffff:127.0.0.1","patient_id":"PAT-20260508-0001"},"timestamp":"2026-05-08T08:16:43.471Z"}
{"level":"info","message":{"actor_id":"admin-1","actor_role":"api_key","event":"PRESCRIPTION_INVOICE_STATUS_UPDATED","invoice_id":"INV-AUDIT-001","ip":"::ffff:127.0.0.1","is_released":true,"status":"paid"},"timestamp":"2026-05-08T08:16:43.845Z"}
{"action_type":"LOGIN_SUCCESS","event":"EXTERNAL_AUDIT_LOG_FAILED","level":"error","message":"Admin audit API returned HTTP 400","responseBody":"{\"message\":\"No valid entries\",\"errors\":[\"entry[0]: user_id must be a valid UUID\"]}","status":400,"subsystem":"User","timestamp":"2026-05-08T08:19:05.819Z"}
{"level":"info","message":{"actor_id":"69fae9ba11392f8ee823f799","actor_role":"patient","event":"PATIENT_VIEWED_SELF","ip":"::1","patient_id":"PAT-20260506-0061"},"timestamp":"2026-05-08T08:19:06.443Z"}
{"action_type":"VIEW_PATIENT","event":"EXTERNAL_AUDIT_LOG_FAILED","level":"error","message":"Admin audit API returned HTTP 400","responseBody":"{\"message\":\"No valid entries\",\"errors\":[\"entry[0]: user_id must be a valid UUID\"]}","status":400,"subsystem":"Patient","timestamp":"2026-05-08T08:19:06.727Z"}
{"level":"info","message":{"actor_id":"69fae9ba11392f8ee823f799","actor_role":"patient","event":"PATIENT_VIEWED_SELF","ip":"::1","patient_id":"PAT-20260506-0061"},"timestamp":"2026-05-08T08:19:06.882Z"}
{"action_type":"VIEW_PATIENT","event":"EXTERNAL_AUDIT_LOG_FAILED","level":"error","message":"Admin audit API returned HTTP 400","responseBody":"{\"message\":\"No valid entries\",\"errors\":[\"entry[0]: user_id must be a valid UUID\"]}","status":400,"subsystem":"Patient","timestamp":"2026-05-08T08:19:07.074Z"}
{"action_type":"LOGOUT","event":"EXTERNAL_AUDIT_LOG_FAILED","level":"error","message":"Admin audit API returned HTTP 400","responseBody":"{\"message\":\"No valid entries\",\"errors\":[\"entry[0]: user_id must be a valid UUID\"]}","status":400,"subsystem":"User","timestamp":"2026-05-08T08:19:08.463Z"}
{"action_type":"LOGIN_FAILED","event":"EXTERNAL_AUDIT_LOG_FAILED","level":"error","message":"Admin audit API returned HTTP 400","responseBody":"{\"message\":\"No valid entries\",\"errors\":[\"entry[0]: user_id must be a valid UUID\"]}","status":400,"subsystem":"Auth","timestamp":"2026-05-08T08:19:57.354Z"}
{"level":"info","message":{"actor_id":"admin-1","actor_role":"system_admin","event":"PATIENT_CREATED","ip":"::ffff:127.0.0.1","patient_id":"PAT-20260508-0001"},"timestamp":"2026-05-08T08:23:27.556Z"}
{"level":"info","message":{"actor_id":"admin-1","actor_role":"system_admin","event":"PATIENT_VIEWED","ip":"::ffff:127.0.0.1","patient_id":"PAT-20260508-0001"},"timestamp":"2026-05-08T08:23:27.566Z"}
{"level":"info","message":{"actor_id":"admin-1","actor_role":"system_admin","event":"PATIENT_UPDATED","ip":"::ffff:127.0.0.1","patient_id":"PAT-20260508-0001"},"timestamp":"2026-05-08T08:23:27.577Z"}
{"level":"info","message":{"actor_id":"admin-1","actor_role":"system_admin","appointment_id":"APT-mowneezn-EIEA16","event":"APPOINTMENT_CREATED","ip":"::ffff:127.0.0.1","patient_id":"PAT-20260508-0001"},"timestamp":"2026-05-08T08:23:27.638Z"}
{"level":"info","message":{"actor_id":"admin-1","actor_role":"system_admin","appointment_id":"APT-mowneezn-EIEA16","event":"APPOINTMENT_UPDATED","ip":"::ffff:127.0.0.1"},"timestamp":"2026-05-08T08:23:27.650Z"}
{"level":"info","message":{"actor_id":"admin-1","actor_role":"system_admin","appointment_id":"APT-mowneezn-EIEA16","event":"APPOINTMENT_CANCELLED","ip":"::ffff:127.0.0.1"},"timestamp":"2026-05-08T08:23:27.661Z"}
{"level":"info","message":{"actor_id":"admin-1","actor_role":"system_admin","event":"HEALTH_RECORD_CREATED","ip":"::ffff:127.0.0.1","patient_id":"PAT-20260508-0001","record_id":"REC-mownef1x-GD5AR8"},"timestamp":"2026-05-08T08:23:27.678Z"}
{"level":"info","message":{"actor_id":"admin-1","actor_role":"system_admin","event":"HEALTH_RECORD_UPDATED","ip":"::ffff:127.0.0.1","record_id":"REC-mownef1x-GD5AR8"},"timestamp":"2026-05-08T08:23:27.696Z"}
{"level":"info","message":{"actor_id":"admin-1","actor_role":"system_admin","event":"HEALTH_RECORD_ARCHIVED","ip":"::ffff:127.0.0.1","record_id":"REC-mownef1x-GD5AR8"},"timestamp":"2026-05-08T08:23:27.704Z"}
{"level":"info","message":{"actor_id":"admin-1","actor_role":"system_admin","event":"PATIENT_ARCHIVED","ip":"::ffff:127.0.0.1","patient_id":"PAT-20260508-0001"},"timestamp":"2026-05-08T08:23:27.712Z"}
{"level":"info","message":{"actor_id":"admin-1","actor_role":"api_key","event":"PRESCRIPTION_INVOICE_STATUS_UPDATED","invoice_id":"INV-AUDIT-001","ip":"::ffff:127.0.0.1","is_released":true,"status":"paid"},"timestamp":"2026-05-08T08:23:28.102Z"}
{"action_type":"LOGIN_FAILED","event":"EXTERNAL_AUDIT_LOG_FAILED","level":"error","message":"Admin audit API returned HTTP 400","responseBody":"{\"message\":\"No valid entries\",\"errors\":[\"entry[0]: user_id must be a valid UUID\"]}","status":400,"subsystem":"Auth","timestamp":"2026-05-08T08:24:14.949Z"}
{"action_type":"LOGIN_SUCCESS","event":"EXTERNAL_AUDIT_LOG_FAILED","level":"error","message":"Admin audit API returned HTTP 400","responseBody":"{\"message\":\"No valid entries\",\"errors\":[\"entry[0]: user_id must be a valid UUID\"]}","status":400,"subsystem":"User","timestamp":"2026-05-08T08:24:48.273Z"}
{"level":"info","message":{"actor_id":"69fae9ba11392f8ee823f799","actor_role":"patient","event":"PATIENT_VIEWED_SELF","ip":"::1","patient_id":"PAT-20260506-0061"},"timestamp":"2026-05-08T08:24:48.825Z"}
{"action_type":"VIEW_PATIENT","event":"EXTERNAL_AUDIT_LOG_FAILED","level":"error","message":"Admin audit API returned HTTP 400","responseBody":"{\"message\":\"No valid entries\",\"errors\":[\"entry[0]: user_id must be a valid UUID\"]}","status":400,"subsystem":"Patient","timestamp":"2026-05-08T08:24:48.956Z"}
{"level":"info","message":{"actor_id":"69fae9ba11392f8ee823f799","actor_role":"patient","event":"PATIENT_VIEWED_SELF","ip":"::1","patient_id":"PAT-20260506-0061"},"timestamp":"2026-05-08T08:24:49.022Z"}
{"action_type":"VIEW_PATIENT","event":"EXTERNAL_AUDIT_LOG_FAILED","level":"error","message":"Admin audit API returned HTTP 400","responseBody":"{\"message\":\"No valid entries\",\"errors\":[\"entry[0]: user_id must be a valid UUID\"]}","status":400,"subsystem":"Patient","timestamp":"2026-05-08T08:24:49.145Z"}
{"level":"info","message":{"actor_id":"admin-1","actor_role":"system_admin","event":"PATIENT_CREATED","ip":"::ffff:127.0.0.1","patient_id":"PAT-20260508-0001"},"timestamp":"2026-05-08T08:26:13.708Z"}
{"level":"info","message":{"actor_id":"admin-1","actor_role":"system_admin","event":"PATIENT_VIEWED","ip":"::ffff:127.0.0.1","patient_id":"PAT-20260508-0001"},"timestamp":"2026-05-08T08:26:13.728Z"}
{"level":"info","message":{"actor_id":"admin-1","actor_role":"system_admin","event":"PATIENT_UPDATED","ip":"::ffff:127.0.0.1","patient_id":"PAT-20260508-0001"},"timestamp":"2026-05-08T08:26:13.740Z"}
{"level":"info","message":{"actor_id":"admin-1","actor_role":"system_admin","appointment_id":"APT-mownhz7a-0K4HNJ","event":"APPOINTMENT_CREATED","ip":"::ffff:127.0.0.1","patient_id":"PAT-20260508-0001"},"timestamp":"2026-05-08T08:26:13.774Z"}
{"level":"info","message":{"actor_id":"admin-1","actor_role":"system_admin","appointment_id":"APT-mownhz7a-0K4HNJ","event":"APPOINTMENT_UPDATED","ip":"::ffff:127.0.0.1"},"timestamp":"2026-05-08T08:26:13.785Z"}
{"level":"info","message":{"actor_id":"admin-1","actor_role":"system_admin","appointment_id":"APT-mownhz7a-0K4HNJ","event":"APPOINTMENT_CANCELLED","ip":"::ffff:127.0.0.1"},"timestamp":"2026-05-08T08:26:13.795Z"}
{"level":"info","message":{"actor_id":"admin-1","actor_role":"system_admin","event":"HEALTH_RECORD_CREATED","ip":"::ffff:127.0.0.1","patient_id":"PAT-20260508-0001","record_id":"REC-mownhz9a-ALAMLT"},"timestamp":"2026-05-08T08:26:13.833Z"}
{"level":"info","message":{"actor_id":"admin-1","actor_role":"system_admin","event":"HEALTH_RECORD_UPDATED","ip":"::ffff:127.0.0.1","record_id":"REC-mownhz9a-ALAMLT"},"timestamp":"2026-05-08T08:26:13.850Z"}
{"level":"info","message":{"actor_id":"admin-1","actor_role":"system_admin","event":"HEALTH_RECORD_ARCHIVED","ip":"::ffff:127.0.0.1","record_id":"REC-mownhz9a-ALAMLT"},"timestamp":"2026-05-08T08:26:13.857Z"}
{"level":"info","message":{"actor_id":"admin-1","actor_role":"system_admin","event":"PATIENT_ARCHIVED","ip":"::ffff:127.0.0.1","patient_id":"PAT-20260508-0001"},"timestamp":"2026-05-08T08:26:13.865Z"}
{"level":"info","message":{"actor_id":"admin-1","actor_role":"api_key","event":"PRESCRIPTION_INVOICE_STATUS_UPDATED","invoice_id":"INV-AUDIT-001","ip":"::ffff:127.0.0.1","is_released":true,"status":"paid"},"timestamp":"2026-05-08T08:26:14.253Z"}
{"action_type":"LOGOUT","event":"EXTERNAL_AUDIT_LOG_FAILED","level":"error","message":"Admin audit API returned HTTP 400","responseBody":"{\"message\":\"No valid entries\",\"errors\":[\"entry[0]: user_id must be a valid UUID\"]}","status":400,"subsystem":"User","timestamp":"2026-05-08T08:26:30.487Z"}
{"level":"info","message":{"actor_id":"admin-1","actor_role":"system_admin","event":"PATIENT_CREATED","ip":"::ffff:127.0.0.1","patient_id":"PAT-20260508-0001"},"timestamp":"2026-05-08T08:28:57.685Z"}
{"level":"info","message":{"actor_id":"admin-1","actor_role":"system_admin","event":"PATIENT_VIEWED","ip":"::ffff:127.0.0.1","patient_id":"PAT-20260508-0001"},"timestamp":"2026-05-08T08:28:57.704Z"}
{"level":"info","message":{"actor_id":"admin-1","actor_role":"system_admin","event":"PATIENT_UPDATED","ip":"::ffff:127.0.0.1","patient_id":"PAT-20260508-0001"},"timestamp":"2026-05-08T08:28:57.724Z"}
{"level":"info","message":{"actor_id":"admin-1","actor_role":"system_admin","appointment_id":"APT-mownlhqf-CGZ3G1","event":"APPOINTMENT_CREATED","ip":"::ffff:127.0.0.1","patient_id":"PAT-20260508-0001"},"timestamp":"2026-05-08T08:28:57.750Z"}
{"level":"info","message":{"actor_id":"admin-1","actor_role":"system_admin","appointment_id":"APT-mownlhqf-CGZ3G1","event":"APPOINTMENT_UPDATED","ip":"::ffff:127.0.0.1"},"timestamp":"2026-05-08T08:28:57.763Z"}
{"level":"info","message":{"actor_id":"admin-1","actor_role":"system_admin","appointment_id":"APT-mownlhqf-CGZ3G1","event":"APPOINTMENT_CANCELLED","ip":"::ffff:127.0.0.1"},"timestamp":"2026-05-08T08:28:57.772Z"}
{"level":"info","message":{"actor_id":"admin-1","actor_role":"system_admin","event":"HEALTH_RECORD_CREATED","ip":"::ffff:127.0.0.1","patient_id":"PAT-20260508-0001","record_id":"REC-mownlhrt-SJFBTX"},"timestamp":"2026-05-08T08:28:57.797Z"}
{"level":"info","message":{"actor_id":"admin-1","actor_role":"system_admin","event":"HEALTH_RECORD_UPDATED","ip":"::ffff:127.0.0.1","record_id":"REC-mownlhrt-SJFBTX"},"timestamp":"2026-05-08T08:28:57.819Z"}
{"level":"info","message":{"actor_id":"admin-1","actor_role":"system_admin","event":"HEALTH_RECORD_ARCHIVED","ip":"::ffff:127.0.0.1","record_id":"REC-mownlhrt-SJFBTX"},"timestamp":"2026-05-08T08:28:57.828Z"}
{"level":"info","message":{"actor_id":"admin-1","actor_role":"system_admin","event":"PATIENT_ARCHIVED","ip":"::ffff:127.0.0.1","patient_id":"PAT-20260508-0001"},"timestamp":"2026-05-08T08:28:57.837Z"}
{"level":"info","message":{"actor_id":"admin-1","actor_role":"api_key","event":"PRESCRIPTION_INVOICE_STATUS_UPDATED","invoice_id":"INV-AUDIT-001","ip":"::ffff:127.0.0.1","is_released":true,"status":"paid"},"timestamp":"2026-05-08T08:28:58.274Z"}
{"level":"info","message":{"actor_id":"admin-1","actor_role":"system_admin","event":"PATIENT_CREATED","ip":"::ffff:127.0.0.1","patient_id":"PAT-20260508-0001"},"timestamp":"2026-05-08T08:38:00.519Z"}
{"level":"info","message":{"actor_id":"admin-1","actor_role":"system_admin","event":"PATIENT_VIEWED","ip":"::ffff:127.0.0.1","patient_id":"PAT-20260508-0001"},"timestamp":"2026-05-08T08:38:00.544Z"}
{"level":"info","message":{"actor_id":"admin-1","actor_role":"system_admin","event":"PATIENT_UPDATED","ip":"::ffff:127.0.0.1","patient_id":"PAT-20260508-0001"},"timestamp":"2026-05-08T08:38:00.570Z"}
{"level":"info","message":{"actor_id":"admin-1","actor_role":"system_admin","appointment_id":"APT-mownx4lp-A1SYL8","event":"APPOINTMENT_CREATED","ip":"::ffff:127.0.0.1","patient_id":"PAT-20260508-0001"},"timestamp":"2026-05-08T08:38:00.611Z"}
{"level":"info","message":{"actor_id":"admin-1","actor_role":"system_admin","appointment_id":"APT-mownx4lp-A1SYL8","event":"APPOINTMENT_UPDATED","ip":"::ffff:127.0.0.1"},"timestamp":"2026-05-08T08:38:00.630Z"}
{"level":"info","message":{"actor_id":"admin-1","actor_role":"system_admin","appointment_id":"APT-mownx4lp-A1SYL8","event":"APPOINTMENT_CANCELLED","ip":"::ffff:127.0.0.1"},"timestamp":"2026-05-08T08:38:00.647Z"}
{"level":"info","message":{"actor_id":"admin-1","actor_role":"system_admin","event":"HEALTH_RECORD_CREATED","ip":"::ffff:127.0.0.1","patient_id":"PAT-20260508-0001","record_id":"REC-mownx4np-38NLKU"},"timestamp":"2026-05-08T08:38:00.673Z"}
{"level":"info","message":{"actor_id":"admin-1","actor_role":"system_admin","event":"HEALTH_RECORD_UPDATED","ip":"::ffff:127.0.0.1","record_id":"REC-mownx4np-38NLKU"},"timestamp":"2026-05-08T08:38:00.705Z"}
{"level":"info","message":{"actor_id":"admin-1","actor_role":"system_admin","event":"HEALTH_RECORD_ARCHIVED","ip":"::ffff:127.0.0.1","record_id":"REC-mownx4np-38NLKU"},"timestamp":"2026-05-08T08:38:00.717Z"}
{"level":"info","message":{"actor_id":"admin-1","actor_role":"system_admin","event":"PATIENT_ARCHIVED","ip":"::ffff:127.0.0.1","patient_id":"PAT-20260508-0001"},"timestamp":"2026-05-08T08:38:00.729Z"}
{"level":"info","message":{"actor_id":"admin-1","actor_role":"api_key","event":"PRESCRIPTION_INVOICE_STATUS_UPDATED","invoice_id":"INV-AUDIT-001","ip":"::ffff:127.0.0.1","is_released":true,"status":"paid"},"timestamp":"2026-05-08T08:38:01.361Z"}
{"level":"info","message":{"actor_id":"admin-1","actor_role":"system_admin","event":"PATIENT_CREATED","ip":"::ffff:127.0.0.1","patient_id":"PAT-20260508-0001"},"timestamp":"2026-05-08T08:38:19.651Z"}
{"level":"info","message":{"actor_id":"admin-ml-ok","actor_role":"system_admin","event":"PATIENT_CREATED","ip":"::ffff:127.0.0.1","patient_id":"PAT-20260508-0001"},"timestamp":"2026-05-08T08:38:19.851Z"}
{"level":"info","message":{"actor_id":"admin-ml-down","actor_role":"system_admin","event":"PATIENT_CREATED","ip":"::ffff:127.0.0.1","patient_id":"PAT-20260508-0001"},"timestamp":"2026-05-08T08:38:19.901Z"}
{"level":"info","message":{"actor_id":"admin-1","actor_role":"system_admin","event":"PATIENT_CREATED","ip":"::ffff:127.0.0.1","patient_id":"PAT-20260508-0001"},"timestamp":"2026-05-08T08:38:21.400Z"}
{"level":"info","message":{"actor_id":"admin-1","actor_role":"system_admin","event":"PATIENT_VIEWED","ip":"::ffff:127.0.0.1","patient_id":"PAT-20260508-0001"},"timestamp":"2026-05-08T08:38:21.410Z"}
{"level":"info","message":{"actor_id":"admin-1","actor_role":"system_admin","event":"PATIENT_UPDATED","ip":"::ffff:127.0.0.1","patient_id":"PAT-20260508-0001"},"timestamp":"2026-05-08T08:38:21.422Z"}
{"level":"info","message":{"actor_id":"admin-1","actor_role":"system_admin","appointment_id":"APT-mownxkom-5NOTRY","event":"APPOINTMENT_CREATED","ip":"::ffff:127.0.0.1","patient_id":"PAT-20260508-0001"},"timestamp":"2026-05-08T08:38:21.447Z"}
{"level":"info","message":{"actor_id":"admin-1","actor_role":"system_admin","appointment_id":"APT-mownxkom-5NOTRY","event":"APPOINTMENT_UPDATED","ip":"::ffff:127.0.0.1"},"timestamp":"2026-05-08T08:38:21.457Z"}
{"level":"info","message":{"actor_id":"admin-1","actor_role":"system_admin","appointment_id":"APT-mownxkom-5NOTRY","event":"APPOINTMENT_CANCELLED","ip":"::ffff:127.0.0.1"},"timestamp":"2026-05-08T08:38:21.466Z"}
{"level":"info","message":{"actor_id":"admin-1","actor_role":"system_admin","event":"HEALTH_RECORD_CREATED","ip":"::ffff:127.0.0.1","patient_id":"PAT-20260508-0001","record_id":"REC-mownxkpv-IRHSHB"},"timestamp":"2026-05-08T08:38:21.485Z"}
{"level":"info","message":{"actor_id":"admin-1","actor_role":"system_admin","event":"HEALTH_RECORD_UPDATED","ip":"::ffff:127.0.0.1","record_id":"REC-mownxkpv-IRHSHB"},"timestamp":"2026-05-08T08:38:21.507Z"}
{"level":"info","message":{"actor_id":"admin-1","actor_role":"system_admin","event":"HEALTH_RECORD_ARCHIVED","ip":"::ffff:127.0.0.1","record_id":"REC-mownxkpv-IRHSHB"},"timestamp":"2026-05-08T08:38:21.521Z"}
{"level":"info","message":{"actor_id":"admin-1","actor_role":"system_admin","event":"PATIENT_ARCHIVED","ip":"::ffff:127.0.0.1","patient_id":"PAT-20260508-0001"},"timestamp":"2026-05-08T08:38:21.532Z"}
{"level":"info","message":{"actor_id":"admin-1","actor_role":"api_key","event":"PRESCRIPTION_INVOICE_STATUS_UPDATED","invoice_id":"INV-AUDIT-001","ip":"::ffff:127.0.0.1","is_released":true,"status":"paid"},"timestamp":"2026-05-08T08:38:21.940Z"}
{"level":"info","message":{"actor_id":"test-admin","actor_role":"api_key","event":"PRESCRIPTION_INVOICE_STATUS_UPDATED","invoice_id":"INV-2e-moqykdfp","ip":"::ffff:127.0.0.1","is_released":true,"status":"paid"},"timestamp":"2026-05-08T08:38:24.013Z"}
{"level":"info","message":{"actor_id":"actor-1","actor_role":"system_admin","event":"PATIENT_CREATED","ip":"::ffff:127.0.0.1","patient_id":"PAT-20260508-0001"},"timestamp":"2026-05-08T08:38:24.806Z"}
{"level":"info","message":{"actor_id":"actor-2","actor_role":"system_admin","event":"PATIENT_CREATED","ip":"::ffff:127.0.0.1","patient_id":"PAT-20260508-0001"},"timestamp":"2026-05-08T08:38:24.872Z"}
{"level":"info","message":{"actor_id":"actor-2","actor_role":"system_admin","event":"PATIENT_VIEWED","ip":"::ffff:127.0.0.1","patient_id":"PAT-20260508-0001"},"timestamp":"2026-05-08T08:38:24.879Z"}
{"level":"info","message":{"actor_id":"actor-1","actor_role":"system_admin","appointment_id":"APT-mownxp5k-X4L9I7","event":"APPOINTMENT_CREATED","patient_id":"PAT-001"},"timestamp":"2026-05-08T08:38:27.233Z"}
{"action_type":"LOGIN_SUCCESS","event":"EXTERNAL_AUDIT_LOG_FAILED","level":"error","message":"Admin audit API returned HTTP 400","responseBody":"{\"message\":\"No valid entries\",\"errors\":[\"entry[0]: user_id must be a valid UUID\"]}","status":400,"subsystem":"User","timestamp":"2026-05-08T08:42:04.643Z"}
{"level":"info","message":{"actor_id":"69fae9ba11392f8ee823f799","actor_role":"patient","event":"PATIENT_VIEWED_SELF","ip":"::1","patient_id":"PAT-20260506-0061"},"timestamp":"2026-05-08T08:42:05.226Z"}
{"action_type":"VIEW_PATIENT","event":"EXTERNAL_AUDIT_LOG_FAILED","level":"error","message":"Admin audit API returned HTTP 400","responseBody":"{\"message\":\"No valid entries\",\"errors\":[\"entry[0]: user_id must be a valid UUID\"]}","status":400,"subsystem":"Patient","timestamp":"2026-05-08T08:42:05.357Z"}
{"level":"info","message":{"actor_id":"69fae9ba11392f8ee823f799","actor_role":"patient","event":"PATIENT_VIEWED_SELF","ip":"::1","patient_id":"PAT-20260506-0061"},"timestamp":"2026-05-08T08:42:05.425Z"}
{"action_type":"VIEW_PATIENT","event":"EXTERNAL_AUDIT_LOG_FAILED","level":"error","message":"Admin audit API returned HTTP 400","responseBody":"{\"message\":\"No valid entries\",\"errors\":[\"entry[0]: user_id must be a valid UUID\"]}","status":400,"subsystem":"Patient","timestamp":"2026-05-08T08:42:05.548Z"}
{"action_type":"LOGOUT","event":"EXTERNAL_AUDIT_LOG_FAILED","level":"error","message":"Admin audit API returned HTTP 400","responseBody":"{\"message\":\"No valid entries\",\"errors\":[\"entry[0]: user_id must be a valid UUID\"]}","status":400,"subsystem":"User","timestamp":"2026-05-08T08:42:08.119Z"}
{"action_type":"LOGIN_FAILED","event":"EXTERNAL_AUDIT_LOG_FAILED","level":"error","message":"Admin audit API returned HTTP 400","responseBody":"{\"message\":\"No valid entries\",\"errors\":[\"entry[0]: user_id must be a valid UUID\"]}","status":400,"subsystem":"Auth","timestamp":"2026-05-08T08:45:55.979Z"}
{"action_type":"LOGIN_FAILED","event":"EXTERNAL_AUDIT_LOG_FAILED","level":"error","message":"Admin audit API returned HTTP 400","responseBody":"{\"message\":\"No valid entries\",\"errors\":[\"entry[0]: user_id must be a valid UUID\"]}","status":400,"subsystem":"Auth","timestamp":"2026-05-08T08:46:15.468Z"}
{"level":"info","message":{"actor_id":"admin-1","actor_role":"system_admin","event":"PATIENT_CREATED","ip":"::ffff:127.0.0.1","patient_id":"PAT-20260508-0001"},"timestamp":"2026-05-08T12:31:36.111Z"}
{"level":"info","message":{"actor_id":"admin-1","actor_role":"system_admin","event":"PATIENT_VIEWED","ip":"::ffff:127.0.0.1","patient_id":"PAT-20260508-0001"},"timestamp":"2026-05-08T12:31:36.137Z"}
{"level":"info","message":{"actor_id":"admin-1","actor_role":"system_admin","event":"PATIENT_UPDATED","ip":"::ffff:127.0.0.1","patient_id":"PAT-20260508-0001"},"timestamp":"2026-05-08T12:31:36.168Z"}
{"level":"info","message":{"actor_id":"admin-1","actor_role":"system_admin","appointment_id":"APT-moww9j49-C91PXD","event":"APPOINTMENT_CREATED","ip":"::ffff:127.0.0.1","patient_id":"PAT-20260508-0001"},"timestamp":"2026-05-08T12:31:36.226Z"}
{"level":"info","message":{"actor_id":"admin-1","actor_role":"system_admin","appointment_id":"APT-moww9j49-C91PXD","event":"APPOINTMENT_UPDATED","ip":"::ffff:127.0.0.1"},"timestamp":"2026-05-08T12:31:36.255Z"}
{"level":"info","message":{"actor_id":"admin-1","actor_role":"system_admin","appointment_id":"APT-moww9j49-C91PXD","event":"APPOINTMENT_CANCELLED","ip":"::ffff:127.0.0.1"},"timestamp":"2026-05-08T12:31:36.284Z"}
{"level":"info","message":{"actor_id":"admin-1","actor_role":"system_admin","event":"HEALTH_RECORD_CREATED","ip":"::ffff:127.0.0.1","patient_id":"PAT-20260508-0001","record_id":"REC-moww9j72-UB8Z45"},"timestamp":"2026-05-08T12:31:36.340Z"}
{"level":"info","message":{"actor_id":"admin-1","actor_role":"system_admin","event":"HEALTH_RECORD_UPDATED","ip":"::ffff:127.0.0.1","record_id":"REC-moww9j72-UB8Z45"},"timestamp":"2026-05-08T12:31:36.501Z"}
{"level":"info","message":{"actor_id":"admin-1","actor_role":"system_admin","event":"HEALTH_RECORD_ARCHIVED","ip":"::ffff:127.0.0.1","record_id":"REC-moww9j72-UB8Z45"},"timestamp":"2026-05-08T12:31:36.550Z"}
{"level":"info","message":{"actor_id":"admin-1","actor_role":"system_admin","event":"PATIENT_ARCHIVED","ip":"::ffff:127.0.0.1","patient_id":"PAT-20260508-0001"},"timestamp":"2026-05-08T12:31:36.572Z"}
{"level":"info","message":{"actor_id":"admin-1","actor_role":"api_key","event":"PRESCRIPTION_INVOICE_STATUS_UPDATED","invoice_id":"INV-AUDIT-001","ip":"::ffff:127.0.0.1","is_released":true,"status":"paid"},"timestamp":"2026-05-08T12:31:37.216Z"}
{"level":"info","message":{"actor_id":"8d88697e-1449-4f32-b4c6-ef9450eb02f7","actor_role":"system_admin","event":"PATIENT_LISTED","ip":"::1","results":61},"timestamp":"2026-05-08T12:43:52.076Z"}
{"level":"info","message":{"actor_id":"8d88697e-1449-4f32-b4c6-ef9450eb02f7","actor_role":"system_admin","event":"PATIENT_LISTED","ip":"::1","results":61},"timestamp":"2026-05-08T12:43:59.700Z"}
{"level":"info","message":{"actor_id":"8d88697e-1449-4f32-b4c6-ef9450eb02f7","actor_role":"system_admin","event":"PATIENT_LISTED","ip":"::1","results":50},"timestamp":"2026-05-08T12:44:02.190Z"}
{"level":"info","message":{"actor_id":"8d88697e-1449-4f32-b4c6-ef9450eb02f7","actor_role":"system_admin","event":"PATIENT_LISTED","ip":"::1","results":50},"timestamp":"2026-05-08T12:44:02.416Z"}
{"level":"info","message":{"actor_id":"8d88697e-1449-4f32-b4c6-ef9450eb02f7","actor_role":"system_admin","event":"PATIENT_LISTED","ip":"::1","results":61},"timestamp":"2026-05-08T12:44:03.878Z"}
{"level":"info","message":{"actor_id":"8d88697e-1449-4f32-b4c6-ef9450eb02f7","actor_role":"system_admin","event":"PATIENT_LISTED","ip":"::1","results":61},"timestamp":"2026-05-08T12:44:05.316Z"}
{"level":"info","message":{"actor_id":"8d88697e-1449-4f32-b4c6-ef9450eb02f7","actor_role":"system_admin","event":"PATIENT_LISTED","ip":"::1","results":50},"timestamp":"2026-05-08T12:44:12.369Z"}
{"level":"info","message":{"actor_id":"8d88697e-1449-4f32-b4c6-ef9450eb02f7","actor_role":"system_admin","event":"PATIENT_LISTED","ip":"::1","results":50},"timestamp":"2026-05-08T12:44:12.475Z"}
{"level":"info","message":{"actor_id":"8d88697e-1449-4f32-b4c6-ef9450eb02f7","actor_role":"system_admin","event":"PATIENT_LISTED","ip":"::1","results":61},"timestamp":"2026-05-08T12:44:14.808Z"}
{"level":"info","message":{"actor_id":"8d88697e-1449-4f32-b4c6-ef9450eb02f7","actor_role":"system_admin","event":"PATIENT_LISTED","ip":"::1","results":61},"timestamp":"2026-05-08T12:44:54.767Z"}
{"level":"info","message":{"actor_id":"8d88697e-1449-4f32-b4c6-ef9450eb02f7","actor_role":"system_admin","event":"PATIENT_LISTED","ip":"::1","results":61},"timestamp":"2026-05-08T12:44:55.649Z"}
{"level":"info","message":{"actor_id":"8d88697e-1449-4f32-b4c6-ef9450eb02f7","actor_role":"system_admin","event":"PATIENT_LISTED","ip":"::1","results":61},"timestamp":"2026-05-08T12:44:56.549Z"}
{"level":"info","message":{"actor_id":"8d88697e-1449-4f32-b4c6-ef9450eb02f7","actor_role":"system_admin","event":"PATIENT_LISTED","ip":"::1","results":61},"timestamp":"2026-05-08T12:44:57.390Z"}
